<?xml version="1.0" encoding="UTF-8"?>
<!DOCTYPE plist PUBLIC "-//Apple//DTD PLIST 1.0//EN" "http://www.apple.com/DTDs/PropertyList-1.0.dtd"/>

<plist version="1.0">
    <dict>
        <key>ROOT</key>
        <array>
            <dict>
                <key>id</key>
                <string>113</string>
                <key>className</key>
                <string>PTModelAnimation</string>
                <key>Name</key>
                <dict>
                    <key>value</key>
                    <string></string>
                </dict>
                <key>duration</key>
                <string>0.033333</string>
                <key>animationSpeed</key>
                <string>1.000000</string>
                <key>looped</key>
                <string>1</string>
            </dict>
            <dict>
                <key>id</key>
                <string>130</string>
                <key>className</key>
                <string>PTModelAnimation</string>
                <key>Name</key>
                <dict>
                    <key>value</key>
                    <string></string>
                </dict>
                <key>duration</key>
                <string>0.033333</string>
                <key>animationSpeed</key>
                <string>1.000000</string>
                <key>looped</key>
                <string>1</string>
            </dict>
            <dict>
                <key>id</key>
                <string>154</string>
                <key>className</key>
                <string>PTModelAnimation</string>
                <key>Name</key>
                <dict>
                    <key>value</key>
                    <string></string>
                </dict>
                <key>duration</key>
                <string>0.033333</string>
                <key>animationSpeed</key>
                <string>1.000000</string>
                <key>looped</key>
                <string>0</string>
            </dict>
            <dict>
                <key>id</key>
                <string>345</string>
                <key>className</key>
                <string>PTModelAnimation</string>
                <key>Name</key>
                <dict>
                    <key>value</key>
                    <string></string>
                </dict>
                <key>duration</key>
                <string>0.033333</string>
                <key>animationSpeed</key>
                <string>1.000000</string>
                <key>looped</key>
                <string>1</string>
            </dict>
            <dict>
                <key>id</key>
                <string>403</string>
                <key>className</key>
                <string>PTModelAnimation</string>
                <key>Name</key>
                <dict>
                    <key>value</key>
                    <string></string>
                </dict>
                <key>duration</key>
                <string>0.033333</string>
                <key>animationSpeed</key>
                <string>1.000000</string>
                <key>looped</key>
                <string>1</string>
            </dict>
            <dict>
                <key>id</key>
                <string>812</string>
                <key>className</key>
                <string>PTModelAnimation</string>
                <key>Name</key>
                <dict>
                    <key>value</key>
                    <string></string>
                </dict>
                <key>duration</key>
                <string>0.033333</string>
                <key>animationSpeed</key>
                <string>1.000000</string>
                <key>looped</key>
                <string>1</string>
            </dict>
            <dict>
                <key>id</key>
                <string>838</string>
                <key>className</key>
                <string>PTModelAnimation</string>
                <key>Name</key>
                <dict>
                    <key>value</key>
                    <string></string>
                </dict>
                <key>duration</key>
                <string>0.033333</string>
                <key>animationSpeed</key>
                <string>1.000000</string>
                <key>looped</key>
                <string>1</string>
            </dict>
            <dict>
                <key>id</key>
                <string>849</string>
                <key>className</key>
                <string>PTModelAnimation</string>
                <key>Name</key>
                <dict>
                    <key>value</key>
                    <string></string>
                </dict>
                <key>duration</key>
                <string>0.033333</string>
                <key>animationSpeed</key>
                <string>1.000000</string>
                <key>looped</key>
                <string>1</string>
            </dict>
            <dict>
                <key>id</key>
                <string>865</string>
                <key>className</key>
                <string>PTModelAnimation</string>
                <key>Name</key>
                <dict>
                    <key>value</key>
                    <string></string>
                </dict>
                <key>duration</key>
                <string>0.033333</string>
                <key>animationSpeed</key>
                <string>1.000000</string>
                <key>looped</key>
                <string>1</string>
            </dict>
            <dict>
                <key>id</key>
                <string>979</string>
                <key>className</key>
                <string>PTModelAnimation</string>
                <key>Name</key>
                <dict>
                    <key>value</key>
                    <string></string>
                </dict>
                <key>duration</key>
                <string>3.000000</string>
                <key>animationSpeed</key>
                <string>1.000000</string>
                <key>looped</key>
                <string>0</string>
            </dict>
            <dict>
                <key>id</key>
                <string>1167</string>
                <key>className</key>
                <string>PTModelAnimation</string>
                <key>Name</key>
                <dict>
                    <key>value</key>
                    <string></string>
                </dict>
                <key>duration</key>
                <string>0.033333</string>
                <key>animationSpeed</key>
                <string>1.000000</string>
                <key>looped</key>
                <string>1</string>
            </dict>
            <dict>
                <key>id</key>
                <string>1174</string>
                <key>className</key>
                <string>PTModelAnimation</string>
                <key>Name</key>
                <dict>
                    <key>value</key>
                    <string></string>
                </dict>
                <key>duration</key>
                <string>3.000000</string>
                <key>animationSpeed</key>
                <string>1.000000</string>
                <key>looped</key>
                <string>1</string>
            </dict>
            <dict>
                <key>id</key>
                <string>1700</string>
                <key>className</key>
                <string>PTModelAnimation</string>
                <key>Name</key>
                <dict>
                    <key>value</key>
                    <string></string>
                </dict>
                <key>duration</key>
                <string>0.033333</string>
                <key>animationSpeed</key>
                <string>1.000000</string>
                <key>looped</key>
                <string>1</string>
            </dict>
            <dict>
                <key>id</key>
                <string>1712</string>
                <key>className</key>
                <string>PTModelAnimation</string>
                <key>Name</key>
                <dict>
                    <key>value</key>
                    <string></string>
                </dict>
                <key>duration</key>
                <string>0.033333</string>
                <key>animationSpeed</key>
                <string>1.000000</string>
                <key>looped</key>
                <string>1</string>
            </dict>
            <dict>
                <key>id</key>
                <string>1732</string>
                <key>className</key>
                <string>PTModelAnimation</string>
                <key>Name</key>
                <dict>
                    <key>value</key>
                    <string></string>
                </dict>
                <key>duration</key>
                <string>0.033333</string>
                <key>animationSpeed</key>
                <string>1.000000</string>
                <key>looped</key>
                <string>1</string>
            </dict>
            <dict>
                <key>id</key>
                <string>1763</string>
                <key>className</key>
                <string>PTModelAnimation</string>
                <key>Name</key>
                <dict>
                    <key>value</key>
                    <string></string>
                </dict>
                <key>duration</key>
                <string>0.333333</string>
                <key>animationSpeed</key>
                <string>1.000000</string>
                <key>looped</key>
                <string>1</string>
            </dict>
            <dict>
                <key>id</key>
                <string>1789</string>
                <key>className</key>
                <string>PTModelAnimation</string>
                <key>Name</key>
                <dict>
                    <key>value</key>
                    <string></string>
                </dict>
                <key>duration</key>
                <string>0.333333</string>
                <key>animationSpeed</key>
                <string>1.000000</string>
                <key>looped</key>
                <string>1</string>
            </dict>
            <dict>
                <key>id</key>
                <string>1817</string>
                <key>className</key>
                <string>PTModelAnimation</string>
                <key>Name</key>
                <dict>
                    <key>value</key>
                    <string></string>
                </dict>
                <key>duration</key>
                <string>0.333333</string>
                <key>animationSpeed</key>
                <string>1.000000</string>
                <key>looped</key>
                <string>1</string>
            </dict>
            <dict>
                <key>id</key>
                <string>1826</string>
                <key>className</key>
                <string>PTModelAnimation</string>
                <key>Name</key>
                <dict>
                    <key>value</key>
                    <string></string>
                </dict>
                <key>duration</key>
                <string>0.033333</string>
                <key>animationSpeed</key>
                <string>1.000000</string>
                <key>looped</key>
                <string>1</string>
            </dict>
            <dict>
                <key>id</key>
                <string>1852</string>
                <key>className</key>
                <string>PTModelAnimation</string>
                <key>Name</key>
                <dict>
                    <key>value</key>
                    <string></string>
                </dict>
                <key>duration</key>
                <string>0.266667</string>
                <key>animationSpeed</key>
                <string>1.000000</string>
                <key>looped</key>
                <string>1</string>
            </dict>
            <dict>
                <key>id</key>
                <string>1861</string>
                <key>className</key>
                <string>PTModelAnimation</string>
                <key>Name</key>
                <dict>
                    <key>value</key>
                    <string></string>
                </dict>
                <key>duration</key>
                <string>0.033333</string>
                <key>animationSpeed</key>
                <string>1.000000</string>
                <key>looped</key>
                <string>1</string>
            </dict>
            <dict>
                <key>id</key>
                <string>1873</string>
                <key>className</key>
                <string>PTModelAnimation</string>
                <key>Name</key>
                <dict>
                    <key>value</key>
                    <string></string>
                </dict>
                <key>duration</key>
                <string>0.033333</string>
                <key>animationSpeed</key>
                <string>1.000000</string>
                <key>looped</key>
                <string>1</string>
            </dict>
            <dict>
                <key>id</key>
                <string>1900</string>
                <key>className</key>
                <string>PTModelAnimation</string>
                <key>Name</key>
                <dict>
                    <key>value</key>
                    <string></string>
                </dict>
                <key>duration</key>
                <string>0.333333</string>
                <key>animationSpeed</key>
                <string>1.000000</string>
                <key>looped</key>
                <string>0</string>
            </dict>
            <dict>
                <key>id</key>
                <string>1931</string>
                <key>className</key>
                <string>PTModelAnimation</string>
                <key>Name</key>
                <dict>
                    <key>value</key>
                    <string></string>
                </dict>
                <key>duration</key>
                <string>0.400000</string>
                <key>animationSpeed</key>
                <string>1.000000</string>
                <key>looped</key>
                <string>0</string>
            </dict>
            <dict>
                <key>id</key>
                <string>1953</string>
                <key>className</key>
                <string>PTModelAnimation</string>
                <key>Name</key>
                <dict>
                    <key>value</key>
                    <string></string>
                </dict>
                <key>duration</key>
                <string>0.266667</string>
                <key>animationSpeed</key>
                <string>1.000000</string>
                <key>looped</key>
                <string>1</string>
            </dict>
            <dict>
                <key>id</key>
                <string>1975</string>
                <key>className</key>
                <string>PTModelAnimation</string>
                <key>Name</key>
                <dict>
                    <key>value</key>
                    <string></string>
                </dict>
                <key>duration</key>
                <string>0.266667</string>
                <key>animationSpeed</key>
                <string>1.000000</string>
                <key>looped</key>
                <string>1</string>
            </dict>
            <dict>
                <key>id</key>
                <string>1983</string>
                <key>className</key>
                <string>PTModelAnimation</string>
                <key>Name</key>
                <dict>
                    <key>value</key>
                    <string></string>
                </dict>
                <key>duration</key>
                <string>0.033333</string>
                <key>animationSpeed</key>
                <string>1.000000</string>
                <key>looped</key>
                <string>1</string>
            </dict>
            <dict>
                <key>id</key>
                <string>1990</string>
                <key>className</key>
                <string>PTModelAnimation</string>
                <key>Name</key>
                <dict>
                    <key>value</key>
                    <string></string>
                </dict>
                <key>duration</key>
                <string>0.033333</string>
                <key>animationSpeed</key>
                <string>1.000000</string>
                <key>looped</key>
                <string>1</string>
            </dict>
            <dict>
                <key>id</key>
                <string>1999</string>
                <key>className</key>
                <string>PTModelAnimation</string>
                <key>Name</key>
                <dict>
                    <key>value</key>
                    <string></string>
                </dict>
                <key>duration</key>
                <string>0.033333</string>
                <key>animationSpeed</key>
                <string>1.000000</string>
                <key>looped</key>
                <string>1</string>
            </dict>
            <dict>
                <key>id</key>
                <string>2008</string>
                <key>className</key>
                <string>PTModelAnimation</string>
                <key>Name</key>
                <dict>
                    <key>value</key>
                    <string></string>
                </dict>
                <key>duration</key>
                <string>0.033333</string>
                <key>animationSpeed</key>
                <string>1.000000</string>
                <key>looped</key>
                <string>1</string>
            </dict>
            <dict>
                <key>id</key>
                <string>2017</string>
                <key>className</key>
                <string>PTModelAnimation</string>
                <key>Name</key>
                <dict>
                    <key>value</key>
                    <string></string>
                </dict>
                <key>duration</key>
                <string>0.033333</string>
                <key>animationSpeed</key>
                <string>1.000000</string>
                <key>looped</key>
                <string>1</string>
            </dict>
            <dict>
                <key>id</key>
                <string>2041</string>
                <key>className</key>
                <string>PTModelAnimation</string>
                <key>Name</key>
                <dict>
                    <key>value</key>
                    <string></string>
                </dict>
                <key>duration</key>
                <string>0.033333</string>
                <key>animationSpeed</key>
                <string>1.000000</string>
                <key>looped</key>
                <string>1</string>
            </dict>
            <dict>
                <key>id</key>
                <string>2050</string>
                <key>className</key>
                <string>PTModelAnimation</string>
                <key>Name</key>
                <dict>
                    <key>value</key>
                    <string></string>
                </dict>
                <key>duration</key>
                <string>0.033333</string>
                <key>animationSpeed</key>
                <string>1.000000</string>
                <key>looped</key>
                <string>1</string>
            </dict>
            <dict>
                <key>id</key>
                <string>2059</string>
                <key>className</key>
                <string>PTModelAnimation</string>
                <key>Name</key>
                <dict>
                    <key>value</key>
                    <string></string>
                </dict>
                <key>duration</key>
                <string>0.033333</string>
                <key>animationSpeed</key>
                <string>1.000000</string>
                <key>looped</key>
                <string>1</string>
            </dict>
            <dict>
                <key>id</key>
                <string>2073</string>
                <key>className</key>
                <string>PTModelAnimation</string>
                <key>Name</key>
                <dict>
                    <key>value</key>
                    <string></string>
                </dict>
                <key>duration</key>
                <string>0.033333</string>
                <key>animationSpeed</key>
                <string>1.000000</string>
                <key>looped</key>
                <string>1</string>
            </dict>
            <dict>
                <key>id</key>
                <string>2082</string>
                <key>className</key>
                <string>PTModelAnimation</string>
                <key>Name</key>
                <dict>
                    <key>value</key>
                    <string></string>
                </dict>
                <key>duration</key>
                <string>0.033333</string>
                <key>animationSpeed</key>
                <string>1.000000</string>
                <key>looped</key>
                <string>1</string>
            </dict>
            <dict>
                <key>id</key>
                <string>2091</string>
                <key>className</key>
                <string>PTModelAnimation</string>
                <key>Name</key>
                <dict>
                    <key>value</key>
                    <string></string>
                </dict>
                <key>duration</key>
                <string>0.033333</string>
                <key>animationSpeed</key>
                <string>1.000000</string>
                <key>looped</key>
                <string>1</string>
            </dict>
            <dict>
                <key>id</key>
                <string>2101</string>
                <key>className</key>
                <string>PTModelAnimation</string>
                <key>Name</key>
                <dict>
                    <key>value</key>
                    <string></string>
                </dict>
                <key>duration</key>
                <string>0.033333</string>
                <key>animationSpeed</key>
                <string>1.000000</string>
                <key>looped</key>
                <string>1</string>
            </dict>
            <dict>
                <key>id</key>
                <string>2111</string>
                <key>className</key>
                <string>PTModelAnimation</string>
                <key>Name</key>
                <dict>
                    <key>value</key>
                    <string></string>
                </dict>
                <key>duration</key>
                <string>0.033333</string>
                <key>animationSpeed</key>
                <string>1.000000</string>
                <key>looped</key>
                <string>1</string>
            </dict>
            <dict>
                <key>id</key>
                <string>2120</string>
                <key>className</key>
                <string>PTModelAnimation</string>
                <key>Name</key>
                <dict>
                    <key>value</key>
                    <string></string>
                </dict>
                <key>duration</key>
                <string>0.033333</string>
                <key>animationSpeed</key>
                <string>1.000000</string>
                <key>looped</key>
                <string>1</string>
            </dict>
            <dict>
                <key>id</key>
                <string>2132</string>
                <key>className</key>
                <string>PTModelAnimation</string>
                <key>Name</key>
                <dict>
                    <key>value</key>
                    <string></string>
                </dict>
                <key>duration</key>
                <string>0.033333</string>
                <key>animationSpeed</key>
                <string>1.000000</string>
                <key>looped</key>
                <string>1</string>
            </dict>
            <dict>
                <key>id</key>
                <string>2146</string>
                <key>className</key>
                <string>PTModelAnimation</string>
                <key>Name</key>
                <dict>
                    <key>value</key>
                    <string></string>
                </dict>
                <key>duration</key>
                <string>0.133333</string>
                <key>animationSpeed</key>
                <string>1.000000</string>
                <key>looped</key>
                <string>1</string>
            </dict>
            <dict>
                <key>id</key>
                <string>2163</string>
                <key>className</key>
                <string>PTModelAnimation</string>
                <key>Name</key>
                <dict>
                    <key>value</key>
                    <string></string>
                </dict>
                <key>duration</key>
                <string>0.200000</string>
                <key>animationSpeed</key>
                <string>1.000000</string>
                <key>looped</key>
                <string>1</string>
            </dict>
            <dict>
                <key>id</key>
                <string>2173</string>
                <key>className</key>
                <string>PTModelAnimation</string>
                <key>Name</key>
                <dict>
                    <key>value</key>
                    <string></string>
                </dict>
                <key>duration</key>
                <string>0.033333</string>
                <key>animationSpeed</key>
                <string>1.000000</string>
                <key>looped</key>
                <string>1</string>
            </dict>
            <dict>
                <key>id</key>
                <string>2193</string>
                <key>className</key>
                <string>PTModelAnimation</string>
                <key>Name</key>
                <dict>
                    <key>value</key>
                    <string></string>
                </dict>
                <key>duration</key>
                <string>0.033333</string>
                <key>animationSpeed</key>
                <string>1.000000</string>
                <key>looped</key>
                <string>1</string>
            </dict>
            <dict>
                <key>id</key>
                <string>2202</string>
                <key>className</key>
                <string>PTModelAnimation</string>
                <key>Name</key>
                <dict>
                    <key>value</key>
                    <string></string>
                </dict>
                <key>duration</key>
                <string>0.033333</string>
                <key>animationSpeed</key>
                <string>1.000000</string>
                <key>looped</key>
                <string>1</string>
            </dict>
            <dict>
                <key>id</key>
                <string>2211</string>
                <key>className</key>
                <string>PTModelAnimation</string>
                <key>Name</key>
                <dict>
                    <key>value</key>
                    <string></string>
                </dict>
                <key>duration</key>
                <string>0.033333</string>
                <key>animationSpeed</key>
                <string>1.000000</string>
                <key>looped</key>
                <string>1</string>
            </dict>
            <dict>
                <key>id</key>
                <string>2250</string>
                <key>className</key>
                <string>PTModelAnimation</string>
                <key>Name</key>
                <dict>
                    <key>value</key>
                    <string></string>
                </dict>
                <key>duration</key>
                <string>0.566667</string>
                <key>animationSpeed</key>
                <string>1.000000</string>
                <key>looped</key>
                <string>1</string>
            </dict>
            <dict>
                <key>id</key>
                <string>2266</string>
                <key>className</key>
                <string>PTModelAnimation</string>
                <key>Name</key>
                <dict>
                    <key>value</key>
                    <string></string>
                </dict>
                <key>duration</key>
                <string>0.033333</string>
                <key>animationSpeed</key>
                <string>1.000000</string>
                <key>looped</key>
                <string>1</string>
            </dict>
            <dict>
                <key>id</key>
                <string>2276</string>
                <key>className</key>
                <string>PTModelAnimation</string>
                <key>Name</key>
                <dict>
                    <key>value</key>
                    <string></string>
                </dict>
                <key>duration</key>
                <string>0.033333</string>
                <key>animationSpeed</key>
                <string>1.000000</string>
                <key>looped</key>
                <string>1</string>
            </dict>
            <dict>
                <key>id</key>
                <string>2285</string>
                <key>className</key>
                <string>PTModelAnimation</string>
                <key>Name</key>
                <dict>
                    <key>value</key>
                    <string></string>
                </dict>
                <key>duration</key>
                <string>0.033333</string>
                <key>animationSpeed</key>
                <string>1.000000</string>
                <key>looped</key>
                <string>1</string>
            </dict>
            <dict>
                <key>id</key>
                <string>2347</string>
                <key>className</key>
                <string>PTModelAnimation</string>
                <key>Name</key>
                <dict>
                    <key>value</key>
                    <string></string>
                </dict>
                <key>duration</key>
                <string>0.033333</string>
                <key>animationSpeed</key>
                <string>1.000000</string>
                <key>looped</key>
                <string>1</string>
            </dict>
            <dict>
                <key>id</key>
                <string>2356</string>
                <key>className</key>
                <string>PTModelAnimation</string>
                <key>Name</key>
                <dict>
                    <key>value</key>
                    <string></string>
                </dict>
                <key>duration</key>
                <string>0.033333</string>
                <key>animationSpeed</key>
                <string>1.000000</string>
                <key>looped</key>
                <string>1</string>
            </dict>
            <dict>
                <key>id</key>
                <string>2434</string>
                <key>className</key>
                <string>PTModelAnimation</string>
                <key>Name</key>
                <dict>
                    <key>value</key>
                    <string></string>
                </dict>
                <key>duration</key>
                <string>0.033333</string>
                <key>animationSpeed</key>
                <string>1.000000</string>
                <key>looped</key>
                <string>1</string>
            </dict>
            <dict>
                <key>id</key>
                <string>2443</string>
                <key>className</key>
                <string>PTModelAnimation</string>
                <key>Name</key>
                <dict>
                    <key>value</key>
                    <string></string>
                </dict>
                <key>duration</key>
                <string>0.033333</string>
                <key>animationSpeed</key>
                <string>1.000000</string>
                <key>looped</key>
                <string>1</string>
            </dict>
            <dict>
                <key>id</key>
                <string>2452</string>
                <key>className</key>
                <string>PTModelAnimation</string>
                <key>Name</key>
                <dict>
                    <key>value</key>
                    <string></string>
                </dict>
                <key>duration</key>
                <string>0.033333</string>
                <key>animationSpeed</key>
                <string>1.000000</string>
                <key>looped</key>
                <string>1</string>
            </dict>
            <dict>
                <key>id</key>
                <string>2461</string>
                <key>className</key>
                <string>PTModelAnimation</string>
                <key>Name</key>
                <dict>
                    <key>value</key>
                    <string></string>
                </dict>
                <key>duration</key>
                <string>0.033333</string>
                <key>animationSpeed</key>
                <string>1.000000</string>
                <key>looped</key>
                <string>1</string>
            </dict>
            <dict>
                <key>id</key>
                <string>2480</string>
                <key>className</key>
                <string>PTModelAnimation</string>
                <key>Name</key>
                <dict>
                    <key>value</key>
                    <string></string>
                </dict>
                <key>duration</key>
                <string>0.033333</string>
                <key>animationSpeed</key>
                <string>1.000000</string>
                <key>looped</key>
                <string>1</string>
            </dict>
            <dict>
                <key>id</key>
                <string>2516</string>
                <key>className</key>
                <string>PTModelAnimation</string>
                <key>Name</key>
                <dict>
                    <key>value</key>
                    <string></string>
                </dict>
                <key>duration</key>
                <string>0.033333</string>
                <key>animationSpeed</key>
                <string>1.000000</string>
                <key>looped</key>
                <string>1</string>
            </dict>
            <dict>
                <key>id</key>
                <string>2526</string>
                <key>className</key>
                <string>PTModelAnimation</string>
                <key>Name</key>
                <dict>
                    <key>value</key>
                    <string></string>
                </dict>
                <key>duration</key>
                <string>0.033333</string>
                <key>animationSpeed</key>
                <string>1.000000</string>
                <key>looped</key>
                <string>1</string>
            </dict>
            <dict>
                <key>id</key>
                <string>2535</string>
                <key>className</key>
                <string>PTModelAnimation</string>
                <key>Name</key>
                <dict>
                    <key>value</key>
                    <string></string>
                </dict>
                <key>duration</key>
                <string>0.033333</string>
                <key>animationSpeed</key>
                <string>1.000000</string>
                <key>looped</key>
                <string>1</string>
            </dict>
            <dict>
                <key>id</key>
                <string>2544</string>
                <key>className</key>
                <string>PTModelAnimation</string>
                <key>Name</key>
                <dict>
                    <key>value</key>
                    <string></string>
                </dict>
                <key>duration</key>
                <string>0.033333</string>
                <key>animationSpeed</key>
                <string>1.000000</string>
                <key>looped</key>
                <string>1</string>
            </dict>
            <dict>
                <key>id</key>
                <string>2553</string>
                <key>className</key>
                <string>PTModelAnimation</string>
                <key>Name</key>
                <dict>
                    <key>value</key>
                    <string></string>
                </dict>
                <key>duration</key>
                <string>0.033333</string>
                <key>animationSpeed</key>
                <string>1.000000</string>
                <key>looped</key>
                <string>1</string>
            </dict>
            <dict>
                <key>id</key>
                <string>2563</string>
                <key>className</key>
                <string>PTModelAnimation</string>
                <key>Name</key>
                <dict>
                    <key>value</key>
                    <string></string>
                </dict>
                <key>duration</key>
                <string>0.033333</string>
                <key>animationSpeed</key>
                <string>1.000000</string>
                <key>looped</key>
                <string>1</string>
            </dict>
            <dict>
                <key>id</key>
                <string>2579</string>
                <key>className</key>
                <string>PTModelAnimation</string>
                <key>Name</key>
                <dict>
                    <key>value</key>
                    <string></string>
                </dict>
                <key>duration</key>
                <string>0.033333</string>
                <key>animationSpeed</key>
                <string>1.000000</string>
                <key>looped</key>
                <string>1</string>
            </dict>
            <dict>
                <key>id</key>
                <string>2588</string>
                <key>className</key>
                <string>PTModelAnimation</string>
                <key>Name</key>
                <dict>
                    <key>value</key>
                    <string></string>
                </dict>
                <key>duration</key>
                <string>0.033333</string>
                <key>animationSpeed</key>
                <string>1.000000</string>
                <key>looped</key>
                <string>1</string>
            </dict>
            <dict>
                <key>id</key>
                <string>2597</string>
                <key>className</key>
                <string>PTModelAnimation</string>
                <key>Name</key>
                <dict>
                    <key>value</key>
                    <string></string>
                </dict>
                <key>duration</key>
                <string>0.033333</string>
                <key>animationSpeed</key>
                <string>1.000000</string>
                <key>looped</key>
                <string>1</string>
            </dict>
            <dict>
                <key>id</key>
                <string>2615</string>
                <key>className</key>
                <string>PTModelAnimation</string>
                <key>Name</key>
                <dict>
                    <key>value</key>
                    <string></string>
                </dict>
                <key>duration</key>
                <string>0.300000</string>
                <key>animationSpeed</key>
                <string>1.000000</string>
                <key>looped</key>
                <string>1</string>
            </dict>
            <dict>
                <key>id</key>
                <string>2625</string>
                <key>className</key>
                <string>PTModelAnimation</string>
                <key>Name</key>
                <dict>
                    <key>value</key>
                    <string></string>
                </dict>
                <key>duration</key>
                <string>0.033333</string>
                <key>animationSpeed</key>
                <string>1.000000</string>
                <key>looped</key>
                <string>1</string>
            </dict>
            <dict>
                <key>id</key>
                <string>2634</string>
                <key>className</key>
                <string>PTModelAnimation</string>
                <key>Name</key>
                <dict>
                    <key>value</key>
                    <string></string>
                </dict>
                <key>duration</key>
                <string>0.033333</string>
                <key>animationSpeed</key>
                <string>1.000000</string>
                <key>looped</key>
                <string>1</string>
            </dict>
            <dict>
                <key>id</key>
                <string>2643</string>
                <key>className</key>
                <string>PTModelAnimation</string>
                <key>Name</key>
                <dict>
                    <key>value</key>
                    <string></string>
                </dict>
                <key>duration</key>
                <string>0.033333</string>
                <key>animationSpeed</key>
                <string>1.000000</string>
                <key>looped</key>
                <string>1</string>
            </dict>
            <dict>
                <key>id</key>
                <string>2652</string>
                <key>className</key>
                <string>PTModelAnimation</string>
                <key>Name</key>
                <dict>
                    <key>value</key>
                    <string></string>
                </dict>
                <key>duration</key>
                <string>0.033333</string>
                <key>animationSpeed</key>
                <string>1.000000</string>
                <key>looped</key>
                <string>1</string>
            </dict>
            <dict>
                <key>id</key>
                <string>2703</string>
                <key>className</key>
                <string>PTModelAnimation</string>
                <key>Name</key>
                <dict>
                    <key>value</key>
                    <string></string>
                </dict>
                <key>duration</key>
                <string>0.033333</string>
                <key>animationSpeed</key>
                <string>1.000000</string>
                <key>looped</key>
                <string>1</string>
            </dict>
            <dict>
                <key>id</key>
                <string>2720</string>
                <key>className</key>
                <string>PTModelAnimation</string>
                <key>Name</key>
                <dict>
                    <key>value</key>
                    <string></string>
                </dict>
                <key>duration</key>
                <string>0.033333</string>
                <key>animationSpeed</key>
                <string>1.000000</string>
                <key>looped</key>
                <string>1</string>
            </dict>
            <dict>
                <key>id</key>
                <string>2761</string>
                <key>className</key>
                <string>PTModelAnimation</string>
                <key>Name</key>
                <dict>
                    <key>value</key>
                    <string></string>
                </dict>
                <key>duration</key>
                <string>0.033333</string>
                <key>animationSpeed</key>
                <string>1.000000</string>
                <key>looped</key>
                <string>1</string>
            </dict>
            <dict>
                <key>id</key>
                <string>2811</string>
                <key>className</key>
                <string>PTModelAnimation</string>
                <key>Name</key>
                <dict>
                    <key>value</key>
                    <string></string>
                </dict>
                <key>duration</key>
                <string>0.033333</string>
                <key>animationSpeed</key>
                <string>1.000000</string>
                <key>looped</key>
                <string>1</string>
            </dict>
            <dict>
                <key>id</key>
                <string>2872</string>
                <key>className</key>
                <string>PTModelAnimation</string>
                <key>Name</key>
                <dict>
                    <key>value</key>
                    <string></string>
                </dict>
                <key>duration</key>
                <string>0.033333</string>
                <key>animationSpeed</key>
                <string>1.000000</string>
                <key>looped</key>
                <string>1</string>
            </dict>
            <dict>
                <key>id</key>
                <string>2881</string>
                <key>className</key>
                <string>PTModelAnimation</string>
                <key>Name</key>
                <dict>
                    <key>value</key>
                    <string></string>
                </dict>
                <key>duration</key>
                <string>0.033333</string>
                <key>animationSpeed</key>
                <string>1.000000</string>
                <key>looped</key>
                <string>1</string>
            </dict>
            <dict>
                <key>id</key>
                <string>2892</string>
                <key>className</key>
                <string>PTModelAnimation</string>
                <key>Name</key>
                <dict>
                    <key>value</key>
                    <string></string>
                </dict>
                <key>duration</key>
                <string>0.033333</string>
                <key>animationSpeed</key>
                <string>1.000000</string>
                <key>looped</key>
                <string>1</string>
            </dict>
            <dict>
                <key>id</key>
                <string>2903</string>
                <key>className</key>
                <string>PTModelAnimation</string>
                <key>Name</key>
                <dict>
                    <key>value</key>
                    <string></string>
                </dict>
                <key>duration</key>
                <string>0.033333</string>
                <key>animationSpeed</key>
                <string>1.000000</string>
                <key>looped</key>
                <string>1</string>
            </dict>
            <dict>
                <key>id</key>
                <string>2912</string>
                <key>className</key>
                <string>PTModelAnimation</string>
                <key>Name</key>
                <dict>
                    <key>value</key>
                    <string></string>
                </dict>
                <key>duration</key>
                <string>0.033333</string>
                <key>animationSpeed</key>
                <string>1.000000</string>
                <key>looped</key>
                <string>1</string>
            </dict>
            <dict>
                <key>id</key>
                <string>2923</string>
                <key>className</key>
                <string>PTModelAnimation</string>
                <key>Name</key>
                <dict>
                    <key>value</key>
                    <string></string>
                </dict>
                <key>duration</key>
                <string>0.033333</string>
                <key>animationSpeed</key>
                <string>1.000000</string>
                <key>looped</key>
                <string>1</string>
            </dict>
            <dict>
                <key>id</key>
                <string>2932</string>
                <key>className</key>
                <string>PTModelAnimation</string>
                <key>Name</key>
                <dict>
                    <key>value</key>
                    <string></string>
                </dict>
                <key>duration</key>
                <string>0.033333</string>
                <key>animationSpeed</key>
                <string>1.000000</string>
                <key>looped</key>
                <string>1</string>
            </dict>
            <dict>
                <key>id</key>
                <string>2991</string>
                <key>className</key>
                <string>PTModelAnimation</string>
                <key>Name</key>
                <dict>
                    <key>value</key>
                    <string></string>
                </dict>
                <key>duration</key>
                <string>0.033333</string>
                <key>animationSpeed</key>
                <string>1.000000</string>
                <key>looped</key>
                <string>1</string>
            </dict>
            <dict>
                <key>id</key>
                <string>3036</string>
                <key>className</key>
                <string>PTModelAnimation</string>
                <key>Name</key>
                <dict>
                    <key>value</key>
                    <string></string>
                </dict>
                <key>duration</key>
                <string>0.033333</string>
                <key>animationSpeed</key>
                <string>1.000000</string>
                <key>looped</key>
                <string>1</string>
            </dict>
            <dict>
                <key>id</key>
                <string>3045</string>
                <key>className</key>
                <string>PTModelAnimation</string>
                <key>Name</key>
                <dict>
                    <key>value</key>
                    <string></string>
                </dict>
                <key>duration</key>
                <string>0.033333</string>
                <key>animationSpeed</key>
                <string>1.000000</string>
                <key>looped</key>
                <string>1</string>
            </dict>
            <dict>
                <key>id</key>
                <string>3054</string>
                <key>className</key>
                <string>PTModelAnimation</string>
                <key>Name</key>
                <dict>
                    <key>value</key>
                    <string></string>
                </dict>
                <key>duration</key>
                <string>0.033333</string>
                <key>animationSpeed</key>
                <string>1.000000</string>
                <key>looped</key>
                <string>1</string>
            </dict>
            <dict>
                <key>id</key>
                <string>3063</string>
                <key>className</key>
                <string>PTModelAnimation</string>
                <key>Name</key>
                <dict>
                    <key>value</key>
                    <string></string>
                </dict>
                <key>duration</key>
                <string>0.033333</string>
                <key>animationSpeed</key>
                <string>1.000000</string>
                <key>looped</key>
                <string>1</string>
            </dict>
            <dict>
                <key>id</key>
                <string>3072</string>
                <key>className</key>
                <string>PTModelAnimation</string>
                <key>Name</key>
                <dict>
                    <key>value</key>
                    <string></string>
                </dict>
                <key>duration</key>
                <string>0.033333</string>
                <key>animationSpeed</key>
                <string>1.000000</string>
                <key>looped</key>
                <string>1</string>
            </dict>
            <dict>
                <key>id</key>
                <string>3081</string>
                <key>className</key>
                <string>PTModelAnimation</string>
                <key>Name</key>
                <dict>
                    <key>value</key>
                    <string></string>
                </dict>
                <key>duration</key>
                <string>0.033333</string>
                <key>animationSpeed</key>
                <string>1.000000</string>
                <key>looped</key>
                <string>1</string>
            </dict>
            <dict>
                <key>id</key>
                <string>3090</string>
                <key>className</key>
                <string>PTModelAnimation</string>
                <key>Name</key>
                <dict>
                    <key>value</key>
                    <string></string>
                </dict>
                <key>duration</key>
                <string>0.033333</string>
                <key>animationSpeed</key>
                <string>1.000000</string>
                <key>looped</key>
                <string>1</string>
            </dict>
            <dict>
                <key>id</key>
                <string>3099</string>
                <key>className</key>
                <string>PTModelAnimation</string>
                <key>Name</key>
                <dict>
                    <key>value</key>
                    <string></string>
                </dict>
                <key>duration</key>
                <string>0.033333</string>
                <key>animationSpeed</key>
                <string>1.000000</string>
                <key>looped</key>
                <string>1</string>
            </dict>
            <dict>
                <key>id</key>
                <string>3108</string>
                <key>className</key>
                <string>PTModelAnimation</string>
                <key>Name</key>
                <dict>
                    <key>value</key>
                    <string></string>
                </dict>
                <key>duration</key>
                <string>0.033333</string>
                <key>animationSpeed</key>
                <string>1.000000</string>
                <key>looped</key>
                <string>1</string>
            </dict>
            <dict>
                <key>id</key>
                <string>3119</string>
                <key>className</key>
                <string>PTModelAnimation</string>
                <key>Name</key>
                <dict>
                    <key>value</key>
                    <string></string>
                </dict>
                <key>duration</key>
                <string>0.033333</string>
                <key>animationSpeed</key>
                <string>1.000000</string>
                <key>looped</key>
                <string>1</string>
            </dict>
            <dict>
                <key>id</key>
                <string>3133</string>
                <key>className</key>
                <string>PTModelAnimation</string>
                <key>Name</key>
                <dict>
                    <key>value</key>
                    <string></string>
                </dict>
                <key>duration</key>
                <string>0.033333</string>
                <key>animationSpeed</key>
                <string>1.000000</string>
                <key>looped</key>
                <string>1</string>
            </dict>
            <dict>
                <key>id</key>
                <string>3143</string>
                <key>className</key>
                <string>PTModelAnimation</string>
                <key>Name</key>
                <dict>
                    <key>value</key>
                    <string></string>
                </dict>
                <key>duration</key>
                <string>0.033333</string>
                <key>animationSpeed</key>
                <string>1.000000</string>
                <key>looped</key>
                <string>1</string>
            </dict>
            <dict>
                <key>id</key>
                <string>3194</string>
                <key>className</key>
                <string>PTModelAnimation</string>
                <key>Name</key>
                <dict>
                    <key>value</key>
                    <string></string>
                </dict>
                <key>duration</key>
                <string>0.033333</string>
                <key>animationSpeed</key>
                <string>1.000000</string>
                <key>looped</key>
                <string>1</string>
            </dict>
            <dict>
                <key>id</key>
                <string>3203</string>
                <key>className</key>
                <string>PTModelAnimation</string>
                <key>Name</key>
                <dict>
                    <key>value</key>
                    <string></string>
                </dict>
                <key>duration</key>
                <string>0.033333</string>
                <key>animationSpeed</key>
                <string>1.000000</string>
                <key>looped</key>
                <string>1</string>
            </dict>
            <dict>
                <key>id</key>
                <string>3212</string>
                <key>className</key>
                <string>PTModelAnimation</string>
                <key>Name</key>
                <dict>
                    <key>value</key>
                    <string></string>
                </dict>
                <key>duration</key>
                <string>0.033333</string>
                <key>animationSpeed</key>
                <string>1.000000</string>
                <key>looped</key>
                <string>1</string>
            </dict>
            <dict>
                <key>id</key>
                <string>3221</string>
                <key>className</key>
                <string>PTModelAnimation</string>
                <key>Name</key>
                <dict>
                    <key>value</key>
                    <string></string>
                </dict>
                <key>duration</key>
                <string>0.033333</string>
                <key>animationSpeed</key>
                <string>1.000000</string>
                <key>looped</key>
                <string>1</string>
            </dict>
            <dict>
                <key>id</key>
                <string>3230</string>
                <key>className</key>
                <string>PTModelAnimation</string>
                <key>Name</key>
                <dict>
                    <key>value</key>
                    <string></string>
                </dict>
                <key>duration</key>
                <string>0.033333</string>
                <key>animationSpeed</key>
                <string>1.000000</string>
                <key>looped</key>
                <string>1</string>
            </dict>
            <dict>
                <key>id</key>
                <string>3239</string>
                <key>className</key>
                <string>PTModelAnimation</string>
                <key>Name</key>
                <dict>
                    <key>value</key>
                    <string></string>
                </dict>
                <key>duration</key>
                <string>0.033333</string>
                <key>animationSpeed</key>
                <string>1.000000</string>
                <key>looped</key>
                <string>1</string>
            </dict>
            <dict>
                <key>id</key>
                <string>3248</string>
                <key>className</key>
                <string>PTModelAnimation</string>
                <key>Name</key>
                <dict>
                    <key>value</key>
                    <string></string>
                </dict>
                <key>duration</key>
                <string>0.033333</string>
                <key>animationSpeed</key>
                <string>1.000000</string>
                <key>looped</key>
                <string>1</string>
            </dict>
            <dict>
                <key>id</key>
                <string>3257</string>
                <key>className</key>
                <string>PTModelAnimation</string>
                <key>Name</key>
                <dict>
                    <key>value</key>
                    <string></string>
                </dict>
                <key>duration</key>
                <string>0.033333</string>
                <key>animationSpeed</key>
                <string>1.000000</string>
                <key>looped</key>
                <string>1</string>
            </dict>
            <dict>
                <key>id</key>
                <string>3284</string>
                <key>className</key>
                <string>PTModelAnimation</string>
                <key>Name</key>
                <dict>
                    <key>value</key>
                    <string></string>
                </dict>
                <key>duration</key>
                <string>0.033333</string>
                <key>animationSpeed</key>
                <string>1.000000</string>
                <key>looped</key>
                <string>1</string>
            </dict>
            <dict>
                <key>id</key>
                <string>3293</string>
                <key>className</key>
                <string>PTModelAnimation</string>
                <key>Name</key>
                <dict>
                    <key>value</key>
                    <string></string>
                </dict>
                <key>duration</key>
                <string>0.033333</string>
                <key>animationSpeed</key>
                <string>1.000000</string>
                <key>looped</key>
                <string>1</string>
            </dict>
            <dict>
                <key>id</key>
                <string>3302</string>
                <key>className</key>
                <string>PTModelAnimation</string>
                <key>Name</key>
                <dict>
                    <key>value</key>
                    <string></string>
                </dict>
                <key>duration</key>
                <string>0.033333</string>
                <key>animationSpeed</key>
                <string>1.000000</string>
                <key>looped</key>
                <string>1</string>
            </dict>
            <dict>
                <key>id</key>
                <string>3311</string>
                <key>className</key>
                <string>PTModelAnimation</string>
                <key>Name</key>
                <dict>
                    <key>value</key>
                    <string></string>
                </dict>
                <key>duration</key>
                <string>0.033333</string>
                <key>animationSpeed</key>
                <string>1.000000</string>
                <key>looped</key>
                <string>1</string>
            </dict>
            <dict>
                <key>id</key>
                <string>3320</string>
                <key>className</key>
                <string>PTModelAnimation</string>
                <key>Name</key>
                <dict>
                    <key>value</key>
                    <string></string>
                </dict>
                <key>duration</key>
                <string>0.033333</string>
                <key>animationSpeed</key>
                <string>1.000000</string>
                <key>looped</key>
                <string>1</string>
            </dict>
            <dict>
                <key>id</key>
                <string>3329</string>
                <key>className</key>
                <string>PTModelAnimation</string>
                <key>Name</key>
                <dict>
                    <key>value</key>
                    <string></string>
                </dict>
                <key>duration</key>
                <string>0.033333</string>
                <key>animationSpeed</key>
                <string>1.000000</string>
                <key>looped</key>
                <string>1</string>
            </dict>
            <dict>
                <key>id</key>
                <string>3409</string>
                <key>className</key>
                <string>PTModelAnimation</string>
                <key>Name</key>
                <dict>
                    <key>value</key>
                    <string></string>
                </dict>
                <key>duration</key>
                <string>0.033333</string>
                <key>animationSpeed</key>
                <string>1.000000</string>
                <key>looped</key>
                <string>1</string>
            </dict>
            <dict>
                <key>id</key>
                <string>3418</string>
                <key>className</key>
                <string>PTModelAnimation</string>
                <key>Name</key>
                <dict>
                    <key>value</key>
                    <string></string>
                </dict>
                <key>duration</key>
                <string>0.033333</string>
                <key>animationSpeed</key>
                <string>1.000000</string>
                <key>looped</key>
                <string>1</string>
            </dict>
        </array>
    </dict>
</plist>
