<?xml version="1.0" encoding="UTF-8"?>
<!DOCTYPE plist PUBLIC "-//Apple//DTD PLIST 1.0//EN" "http://www.apple.com/DTDs/PropertyList-1.0.dtd"/>

<plist version="1.0">
    <dict>
        <key>ROOT</key>
        <array>
            <dict>
                <key>id</key>
                <string>3180</string>
                <key>className</key>
                <string>PTModelLinker</string>
                <key>Name</key>
                <dict>
                    <key>visible</key>
                    <string>0</string>
                    <key>value</key>
                    <string></string>
                </dict>
            </dict>
            <dict>
                <key>id</key>
                <string>3181</string>
                <key>className</key>
                <string>PTModelLinker</string>
                <key>Name</key>
                <dict>
                    <key>visible</key>
                    <string>0</string>
                    <key>value</key>
                    <string></string>
                </dict>
            </dict>
            <dict>
                <key>id</key>
                <string>3182</string>
                <key>className</key>
                <string>PTModelLinker</string>
                <key>Name</key>
                <dict>
                    <key>visible</key>
                    <string>0</string>
                    <key>value</key>
                    <string></string>
                </dict>
            </dict>
            <dict>
                <key>id</key>
                <string>3189</string>
                <key>className</key>
                <string>PTModelLinker</string>
                <key>Name</key>
                <dict>
                    <key>visible</key>
                    <string>0</string>
                    <key>value</key>
                    <string></string>
                </dict>
            </dict>
            <dict>
                <key>id</key>
                <string>3190</string>
                <key>className</key>
                <string>PTModelLinker</string>
                <key>Name</key>
                <dict>
                    <key>visible</key>
                    <string>0</string>
                    <key>value</key>
                    <string></string>
                </dict>
            </dict>
        </array>
    </dict>
</plist>
