<?xml version="1.0" encoding="UTF-8"?>
<!DOCTYPE plist PUBLIC "-//Apple//DTD PLIST 1.0//EN" "http://www.apple.com/DTDs/PropertyList-1.0.dtd"/>

<plist version="1.0">
    <dict>
        <key>ROOT</key>
        <array>
            <dict>
                <key>id</key>
                <string>107</string>
                <key>sprites</key>
                <array>
                    <string>1729</string>
                    <string>1573</string>
                    <string>1742</string>
                    <string>1741</string>
                    <string>442</string>
                    <string>1581</string>
                    <string>342</string>
                    <string>3276</string>
                    <string>3270</string>
                    <string>3265</string>
                    <string>3401</string>
                    <string>2140</string>
                    <string>3395</string>
                    <string>1576</string>
                    <string>2236</string>
                    <string>2235</string>
                    <string>2234</string>
                    <string>2233</string>
                    <string>2232</string>
                    <string>2231</string>
                    <string>1629</string>
                    <string>1619</string>
                    <string>1616</string>
                    <string>1613</string>
                    <string>1626</string>
                    <string>1610</string>
                    <string>1589</string>
                    <string>1660</string>
                    <string>1663</string>
                    <string>1604</string>
                    <string>1567</string>
                    <string>1490</string>
                    <string>1484</string>
                    <string>2477</string>
                    <string>1502</string>
                    <string>1591</string>
                    <string>1598</string>
                    <string>151</string>
                    <string>110</string>
                    <string>1709</string>
                    <string>1697</string>
                </array>
            </dict>
            <dict>
                <key>id</key>
                <string>1694</string>
                <key>sprites</key>
                <array>
                    <string>1693</string>
                    <string>1743</string>
                    <string>1745</string>
                    <string>1744</string>
                    <string>1749</string>
                    <string>1748</string>
                    <string>1747</string>
                    <string>1746</string>
                    <string>1958</string>
                    <string>1879</string>
                    <string>2142</string>
                    <string>2141</string>
                    <string>2158</string>
                    <string>2143</string>
                    <string>2717</string>
                    <string>2700</string>
                    <string>2247</string>
                    <string>2246</string>
                    <string>2245</string>
                    <string>2244</string>
                    <string>2243</string>
                    <string>2242</string>
                    <string>2241</string>
                    <string>2240</string>
                    <string>2239</string>
                    <string>2238</string>
                    <string>2237</string>
                    <string>2808</string>
                </array>
            </dict>
            <dict>
                <key>id</key>
                <string>1751</string>
                <key>sprites</key>
                <array>
                    <string>1773</string>
                    <string>1768</string>
                    <string>1777</string>
                    <string>1774</string>
                    <string>1776</string>
                    <string>1775</string>
                    <string>1772</string>
                    <string>1771</string>
                    <string>1770</string>
                    <string>1769</string>
                    <string>1750</string>
                    <string>1823</string>
                    <string>2155</string>
                    <string>2159</string>
                    <string>2157</string>
                    <string>2156</string>
                    <string>2160</string>
                </array>
            </dict>
            <dict>
                <key>id</key>
                <string>1795</string>
                <key>sprites</key>
                <array>
                    <string>1797</string>
                    <string>1802</string>
                    <string>1794</string>
                    <string>1800</string>
                    <string>1798</string>
                    <string>1796</string>
                    <string>1801</string>
                    <string>1799</string>
                    <string>1858</string>
                    <string>1837</string>
                    <string>1838</string>
                    <string>1839</string>
                    <string>1836</string>
                    <string>1840</string>
                    <string>1835</string>
                    <string>1959</string>
                    <string>1960</string>
                    <string>2605</string>
                    <string>2604</string>
                </array>
            </dict>
            <dict>
                <key>id</key>
                <string>1804</string>
                <key>sprites</key>
                <array>
                    <string>1803</string>
                    <string>1805</string>
                    <string>1910</string>
                    <string>1909</string>
                    <string>1911</string>
                    <string>1882</string>
                    <string>1906</string>
                    <string>1870</string>
                    <string>1883</string>
                    <string>1905</string>
                    <string>1907</string>
                    <string>1842</string>
                    <string>1908</string>
                    <string>1884</string>
                    <string>1841</string>
                    <string>1885</string>
                    <string>1886</string>
                    <string>1887</string>
                    <string>1881</string>
                    <string>1880</string>
                    <string>1888</string>
                </array>
            </dict>
            <dict>
                <key>id</key>
                <string>1913</string>
                <key>sprites</key>
                <array>
                    <string>1980</string>
                    <string>2560</string>
                    <string>1943</string>
                    <string>1939</string>
                    <string>1915</string>
                    <string>1914</string>
                    <string>1912</string>
                    <string>1940</string>
                    <string>1937</string>
                    <string>1936</string>
                    <string>1942</string>
                    <string>1962</string>
                    <string>1938</string>
                    <string>1916</string>
                    <string>2098</string>
                    <string>1941</string>
                    <string>1963</string>
                    <string>1961</string>
                    <string>1917</string>
                    <string>1964</string>
                    <string>1965</string>
                    <string>2608</string>
                    <string>2607</string>
                    <string>2606</string>
                </array>
            </dict>
            <dict>
                <key>id</key>
                <string>2263</string>
                <key>sprites</key>
                <array>
                    <string>2262</string>
                    <string>2612</string>
                    <string>2611</string>
                    <string>2610</string>
                    <string>2609</string>
                </array>
            </dict>
            <dict>
                <key>id</key>
                <string>2513</string>
                <key>sprites</key>
                <array>
                    <string>2512</string>
                </array>
            </dict>
            <dict>
                <key>id</key>
                <string>2778</string>
                <key>sprites</key>
                <array>
                    <string>2777</string>
                </array>
            </dict>
        </array>
    </dict>
</plist>
