<?xml version="1.0" encoding="UTF-8"?>
<!DOCTYPE plist PUBLIC "-//Apple//DTD PLIST 1.0//EN" "http://www.apple.com/DTDs/PropertyList-1.0.dtd"/>

<plist version="1.0">
    <dict>
        <key>ROOT</key>
        <array>
            <dict>
                <key>id</key>
                <string>114</string>
                <key>Image</key>
                <dict>
                    <key>value</key>
                    <string>109</string>
                </dict>
            </dict>
            <dict>
                <key>id</key>
                <string>155</string>
                <key>Image</key>
                <dict>
                    <key>value</key>
                    <string>150</string>
                </dict>
            </dict>
            <dict>
                <key>id</key>
                <string>346</string>
                <key>Image</key>
                <dict>
                    <key>value</key>
                    <string>341</string>
                </dict>
            </dict>
            <dict>
                <key>id</key>
                <string>447</string>
                <key>Image</key>
                <dict>
                    <key>value</key>
                    <string>441</string>
                </dict>
            </dict>
            <dict>
                <key>id</key>
                <string>1571</string>
                <key>Image</key>
                <dict>
                    <key>value</key>
                    <string>1572</string>
                </dict>
            </dict>
            <dict>
                <key>id</key>
                <string>1579</string>
                <key>Image</key>
                <dict>
                    <key>value</key>
                    <string>1572</string>
                </dict>
            </dict>
            <dict>
                <key>id</key>
                <string>1582</string>
                <key>Image</key>
                <dict>
                    <key>value</key>
                    <string>1580</string>
                </dict>
            </dict>
            <dict>
                <key>id</key>
                <string>1586</string>
                <key>Image</key>
                <dict>
                    <key>value</key>
                    <string>1572</string>
                </dict>
            </dict>
            <dict>
                <key>id</key>
                <string>1595</string>
                <key>Image</key>
                <dict>
                    <key>value</key>
                    <string>1572</string>
                </dict>
            </dict>
            <dict>
                <key>id</key>
                <string>1602</string>
                <key>Image</key>
                <dict>
                    <key>value</key>
                    <string>1572</string>
                </dict>
            </dict>
            <dict>
                <key>id</key>
                <string>1605</string>
                <key>Image</key>
                <dict>
                    <key>value</key>
                    <string>1603</string>
                </dict>
            </dict>
            <dict>
                <key>id</key>
                <string>1608</string>
                <key>Image</key>
                <dict>
                    <key>value</key>
                    <string>1572</string>
                </dict>
            </dict>
            <dict>
                <key>id</key>
                <string>1611</string>
                <key>Image</key>
                <dict>
                    <key>value</key>
                    <string>1609</string>
                </dict>
            </dict>
            <dict>
                <key>id</key>
                <string>1624</string>
                <key>Image</key>
                <dict>
                    <key>value</key>
                    <string>1572</string>
                </dict>
            </dict>
            <dict>
                <key>id</key>
                <string>1627</string>
                <key>Image</key>
                <dict>
                    <key>value</key>
                    <string>1625</string>
                </dict>
            </dict>
            <dict>
                <key>id</key>
                <string>1657</string>
                <key>Image</key>
                <dict>
                    <key>value</key>
                    <string>1572</string>
                </dict>
            </dict>
            <dict>
                <key>id</key>
                <string>1701</string>
                <key>Image</key>
                <dict>
                    <key>value</key>
                    <string>1696</string>
                </dict>
            </dict>
            <dict>
                <key>id</key>
                <string>1713</string>
                <key>Image</key>
                <dict>
                    <key>value</key>
                    <string>1708</string>
                </dict>
            </dict>
            <dict>
                <key>id</key>
                <string>1733</string>
                <key>Image</key>
                <dict>
                    <key>value</key>
                    <string>1728</string>
                </dict>
            </dict>
            <dict>
                <key>id</key>
                <string>1764</string>
                <key>Image</key>
                <dict>
                    <key>value</key>
                    <string>1740</string>
                </dict>
            </dict>
            <dict>
                <key>id</key>
                <string>1790</string>
                <key>Image</key>
                <dict>
                    <key>value</key>
                    <string>1767</string>
                </dict>
            </dict>
            <dict>
                <key>id</key>
                <string>1818</string>
                <key>Image</key>
                <dict>
                    <key>value</key>
                    <string>1793</string>
                </dict>
            </dict>
            <dict>
                <key>id</key>
                <string>1827</string>
                <key>Image</key>
                <dict>
                    <key>value</key>
                    <string>1822</string>
                </dict>
            </dict>
            <dict>
                <key>id</key>
                <string>1853</string>
                <key>Image</key>
                <dict>
                    <key>value</key>
                    <string>1834</string>
                </dict>
            </dict>
            <dict>
                <key>id</key>
                <string>1862</string>
                <key>Image</key>
                <dict>
                    <key>value</key>
                    <string>1857</string>
                </dict>
            </dict>
            <dict>
                <key>id</key>
                <string>1874</string>
                <key>Image</key>
                <dict>
                    <key>value</key>
                    <string>1869</string>
                </dict>
            </dict>
            <dict>
                <key>id</key>
                <string>1901</string>
                <key>Image</key>
                <dict>
                    <key>value</key>
                    <string>1878</string>
                </dict>
            </dict>
            <dict>
                <key>id</key>
                <string>1932</string>
                <key>Image</key>
                <dict>
                    <key>value</key>
                    <string>1904</string>
                </dict>
            </dict>
            <dict>
                <key>id</key>
                <string>1954</string>
                <key>Image</key>
                <dict>
                    <key>value</key>
                    <string>1935</string>
                </dict>
            </dict>
            <dict>
                <key>id</key>
                <string>1976</string>
                <key>Image</key>
                <dict>
                    <key>value</key>
                    <string>1957</string>
                </dict>
            </dict>
            <dict>
                <key>id</key>
                <string>1984</string>
                <key>Image</key>
                <dict>
                    <key>value</key>
                    <string>1979</string>
                </dict>
            </dict>
            <dict>
                <key>id</key>
                <string>1991</string>
                <key>Image</key>
                <dict>
                    <key>value</key>
                    <string>1979</string>
                </dict>
            </dict>
            <dict>
                <key>id</key>
                <string>2000</string>
                <key>Image</key>
                <dict>
                    <key>value</key>
                    <string>1979</string>
                </dict>
            </dict>
            <dict>
                <key>id</key>
                <string>2009</string>
                <key>Image</key>
                <dict>
                    <key>value</key>
                    <string>1979</string>
                </dict>
            </dict>
            <dict>
                <key>id</key>
                <string>2018</string>
                <key>Image</key>
                <dict>
                    <key>value</key>
                    <string>1979</string>
                </dict>
            </dict>
            <dict>
                <key>id</key>
                <string>2042</string>
                <key>Image</key>
                <dict>
                    <key>value</key>
                    <string>1979</string>
                </dict>
            </dict>
            <dict>
                <key>id</key>
                <string>2051</string>
                <key>Image</key>
                <dict>
                    <key>value</key>
                    <string>1979</string>
                </dict>
            </dict>
            <dict>
                <key>id</key>
                <string>2060</string>
                <key>Image</key>
                <dict>
                    <key>value</key>
                    <string>1979</string>
                </dict>
            </dict>
            <dict>
                <key>id</key>
                <string>2074</string>
                <key>Image</key>
                <dict>
                    <key>value</key>
                    <string>1979</string>
                </dict>
            </dict>
            <dict>
                <key>id</key>
                <string>2083</string>
                <key>Image</key>
                <dict>
                    <key>value</key>
                    <string>1979</string>
                </dict>
            </dict>
            <dict>
                <key>id</key>
                <string>2092</string>
                <key>Image</key>
                <dict>
                    <key>value</key>
                    <string>1979</string>
                </dict>
            </dict>
            <dict>
                <key>id</key>
                <string>2102</string>
                <key>Image</key>
                <dict>
                    <key>value</key>
                    <string>2097</string>
                </dict>
            </dict>
            <dict>
                <key>id</key>
                <string>2112</string>
                <key>Image</key>
                <dict>
                    <key>value</key>
                    <string>1979</string>
                </dict>
            </dict>
            <dict>
                <key>id</key>
                <string>2121</string>
                <key>Image</key>
                <dict>
                    <key>value</key>
                    <string>1979</string>
                </dict>
            </dict>
            <dict>
                <key>id</key>
                <string>2133</string>
                <key>Image</key>
                <dict>
                    <key>value</key>
                    <string>1979</string>
                </dict>
            </dict>
            <dict>
                <key>id</key>
                <string>2147</string>
                <key>Image</key>
                <dict>
                    <key>value</key>
                    <string>2139</string>
                </dict>
            </dict>
            <dict>
                <key>id</key>
                <string>2164</string>
                <key>Image</key>
                <dict>
                    <key>value</key>
                    <string>2154</string>
                </dict>
            </dict>
            <dict>
                <key>id</key>
                <string>2174</string>
                <key>Image</key>
                <dict>
                    <key>value</key>
                    <string>1979</string>
                </dict>
            </dict>
            <dict>
                <key>id</key>
                <string>2194</string>
                <key>Image</key>
                <dict>
                    <key>value</key>
                    <string>1979</string>
                </dict>
            </dict>
            <dict>
                <key>id</key>
                <string>2203</string>
                <key>Image</key>
                <dict>
                    <key>value</key>
                    <string>1979</string>
                </dict>
            </dict>
            <dict>
                <key>id</key>
                <string>2212</string>
                <key>Image</key>
                <dict>
                    <key>value</key>
                    <string>1979</string>
                </dict>
            </dict>
            <dict>
                <key>id</key>
                <string>2251</string>
                <key>Image</key>
                <dict>
                    <key>value</key>
                    <string>2230</string>
                </dict>
            </dict>
            <dict>
                <key>id</key>
                <string>2267</string>
                <key>Image</key>
                <dict>
                    <key>value</key>
                    <string>2261</string>
                </dict>
            </dict>
            <dict>
                <key>id</key>
                <string>2277</string>
                <key>Image</key>
                <dict>
                    <key>value</key>
                    <string>1979</string>
                </dict>
            </dict>
            <dict>
                <key>id</key>
                <string>2286</string>
                <key>Image</key>
                <dict>
                    <key>value</key>
                    <string>1979</string>
                </dict>
            </dict>
            <dict>
                <key>id</key>
                <string>2348</string>
                <key>Image</key>
                <dict>
                    <key>value</key>
                    <string>1979</string>
                </dict>
            </dict>
            <dict>
                <key>id</key>
                <string>2357</string>
                <key>Image</key>
                <dict>
                    <key>value</key>
                    <string>1979</string>
                </dict>
            </dict>
            <dict>
                <key>id</key>
                <string>2435</string>
                <key>Image</key>
                <dict>
                    <key>value</key>
                    <string>1979</string>
                </dict>
            </dict>
            <dict>
                <key>id</key>
                <string>2444</string>
                <key>Image</key>
                <dict>
                    <key>value</key>
                    <string>1979</string>
                </dict>
            </dict>
            <dict>
                <key>id</key>
                <string>2453</string>
                <key>Image</key>
                <dict>
                    <key>value</key>
                    <string>1979</string>
                </dict>
            </dict>
            <dict>
                <key>id</key>
                <string>2462</string>
                <key>Image</key>
                <dict>
                    <key>value</key>
                    <string>1979</string>
                </dict>
            </dict>
            <dict>
                <key>id</key>
                <string>2481</string>
                <key>Image</key>
                <dict>
                    <key>value</key>
                    <string>2476</string>
                </dict>
            </dict>
            <dict>
                <key>id</key>
                <string>2517</string>
                <key>Image</key>
                <dict>
                    <key>value</key>
                    <string>2511</string>
                </dict>
            </dict>
            <dict>
                <key>id</key>
                <string>2527</string>
                <key>Image</key>
                <dict>
                    <key>value</key>
                    <string>1979</string>
                </dict>
            </dict>
            <dict>
                <key>id</key>
                <string>2536</string>
                <key>Image</key>
                <dict>
                    <key>value</key>
                    <string>1979</string>
                </dict>
            </dict>
            <dict>
                <key>id</key>
                <string>2545</string>
                <key>Image</key>
                <dict>
                    <key>value</key>
                    <string>1979</string>
                </dict>
            </dict>
            <dict>
                <key>id</key>
                <string>2554</string>
                <key>Image</key>
                <dict>
                    <key>value</key>
                    <string>1979</string>
                </dict>
            </dict>
            <dict>
                <key>id</key>
                <string>2564</string>
                <key>Image</key>
                <dict>
                    <key>value</key>
                    <string>2559</string>
                </dict>
            </dict>
            <dict>
                <key>id</key>
                <string>2580</string>
                <key>Image</key>
                <dict>
                    <key>value</key>
                    <string>1979</string>
                </dict>
            </dict>
            <dict>
                <key>id</key>
                <string>2589</string>
                <key>Image</key>
                <dict>
                    <key>value</key>
                    <string>1979</string>
                </dict>
            </dict>
            <dict>
                <key>id</key>
                <string>2598</string>
                <key>Image</key>
                <dict>
                    <key>value</key>
                    <string>1979</string>
                </dict>
            </dict>
            <dict>
                <key>id</key>
                <string>2616</string>
                <key>Image</key>
                <dict>
                    <key>value</key>
                    <string>2603</string>
                </dict>
            </dict>
            <dict>
                <key>id</key>
                <string>2626</string>
                <key>Image</key>
                <dict>
                    <key>value</key>
                    <string>1979</string>
                </dict>
            </dict>
            <dict>
                <key>id</key>
                <string>2635</string>
                <key>Image</key>
                <dict>
                    <key>value</key>
                    <string>1979</string>
                </dict>
            </dict>
            <dict>
                <key>id</key>
                <string>2644</string>
                <key>Image</key>
                <dict>
                    <key>value</key>
                    <string>1979</string>
                </dict>
            </dict>
            <dict>
                <key>id</key>
                <string>2653</string>
                <key>Image</key>
                <dict>
                    <key>value</key>
                    <string>1979</string>
                </dict>
            </dict>
            <dict>
                <key>id</key>
                <string>2704</string>
                <key>Image</key>
                <dict>
                    <key>value</key>
                    <string>2699</string>
                </dict>
            </dict>
            <dict>
                <key>id</key>
                <string>2721</string>
                <key>Image</key>
                <dict>
                    <key>value</key>
                    <string>2716</string>
                </dict>
            </dict>
            <dict>
                <key>id</key>
                <string>2762</string>
                <key>Image</key>
                <dict>
                    <key>value</key>
                    <string>1979</string>
                </dict>
            </dict>
            <dict>
                <key>id</key>
                <string>2812</string>
                <key>Image</key>
                <dict>
                    <key>value</key>
                    <string>2807</string>
                </dict>
            </dict>
            <dict>
                <key>id</key>
                <string>2873</string>
                <key>Image</key>
                <dict>
                    <key>value</key>
                    <string>1979</string>
                </dict>
            </dict>
            <dict>
                <key>id</key>
                <string>2882</string>
                <key>Image</key>
                <dict>
                    <key>value</key>
                    <string>1979</string>
                </dict>
            </dict>
            <dict>
                <key>id</key>
                <string>2893</string>
                <key>Image</key>
                <dict>
                    <key>value</key>
                    <string>1979</string>
                </dict>
            </dict>
            <dict>
                <key>id</key>
                <string>2904</string>
                <key>Image</key>
                <dict>
                    <key>value</key>
                    <string>1979</string>
                </dict>
            </dict>
            <dict>
                <key>id</key>
                <string>2913</string>
                <key>Image</key>
                <dict>
                    <key>value</key>
                    <string>1979</string>
                </dict>
            </dict>
            <dict>
                <key>id</key>
                <string>2924</string>
                <key>Image</key>
                <dict>
                    <key>value</key>
                    <string>1979</string>
                </dict>
            </dict>
            <dict>
                <key>id</key>
                <string>2933</string>
                <key>Image</key>
                <dict>
                    <key>value</key>
                    <string>1979</string>
                </dict>
            </dict>
            <dict>
                <key>id</key>
                <string>2992</string>
                <key>Image</key>
                <dict>
                    <key>value</key>
                    <string>1979</string>
                </dict>
            </dict>
            <dict>
                <key>id</key>
                <string>3037</string>
                <key>Image</key>
                <dict>
                    <key>value</key>
                    <string>1979</string>
                </dict>
            </dict>
            <dict>
                <key>id</key>
                <string>3046</string>
                <key>Image</key>
                <dict>
                    <key>value</key>
                    <string>1979</string>
                </dict>
            </dict>
            <dict>
                <key>id</key>
                <string>3055</string>
                <key>Image</key>
                <dict>
                    <key>value</key>
                    <string>1979</string>
                </dict>
            </dict>
            <dict>
                <key>id</key>
                <string>3064</string>
                <key>Image</key>
                <dict>
                    <key>value</key>
                    <string>1979</string>
                </dict>
            </dict>
            <dict>
                <key>id</key>
                <string>3073</string>
                <key>Image</key>
                <dict>
                    <key>value</key>
                    <string>1979</string>
                </dict>
            </dict>
            <dict>
                <key>id</key>
                <string>3082</string>
                <key>Image</key>
                <dict>
                    <key>value</key>
                    <string>1979</string>
                </dict>
            </dict>
            <dict>
                <key>id</key>
                <string>3091</string>
                <key>Image</key>
                <dict>
                    <key>value</key>
                    <string>1979</string>
                </dict>
            </dict>
            <dict>
                <key>id</key>
                <string>3100</string>
                <key>Image</key>
                <dict>
                    <key>value</key>
                    <string>1979</string>
                </dict>
            </dict>
            <dict>
                <key>id</key>
                <string>3109</string>
                <key>Image</key>
                <dict>
                    <key>value</key>
                    <string>1979</string>
                </dict>
            </dict>
            <dict>
                <key>id</key>
                <string>3120</string>
                <key>Image</key>
                <dict>
                    <key>value</key>
                    <string>1979</string>
                </dict>
            </dict>
            <dict>
                <key>id</key>
                <string>3134</string>
                <key>Image</key>
                <dict>
                    <key>value</key>
                    <string>1979</string>
                </dict>
            </dict>
            <dict>
                <key>id</key>
                <string>3144</string>
                <key>Image</key>
                <dict>
                    <key>value</key>
                    <string>1979</string>
                </dict>
            </dict>
            <dict>
                <key>id</key>
                <string>3195</string>
                <key>Image</key>
                <dict>
                    <key>value</key>
                    <string>1979</string>
                </dict>
            </dict>
            <dict>
                <key>id</key>
                <string>3204</string>
                <key>Image</key>
                <dict>
                    <key>value</key>
                    <string>1979</string>
                </dict>
            </dict>
            <dict>
                <key>id</key>
                <string>3213</string>
                <key>Image</key>
                <dict>
                    <key>value</key>
                    <string>1979</string>
                </dict>
            </dict>
            <dict>
                <key>id</key>
                <string>3222</string>
                <key>Image</key>
                <dict>
                    <key>value</key>
                    <string>1979</string>
                </dict>
            </dict>
            <dict>
                <key>id</key>
                <string>3231</string>
                <key>Image</key>
                <dict>
                    <key>value</key>
                    <string>1979</string>
                </dict>
            </dict>
            <dict>
                <key>id</key>
                <string>3240</string>
                <key>Image</key>
                <dict>
                    <key>value</key>
                    <string>1979</string>
                </dict>
            </dict>
            <dict>
                <key>id</key>
                <string>3249</string>
                <key>Image</key>
                <dict>
                    <key>value</key>
                    <string>1979</string>
                </dict>
            </dict>
            <dict>
                <key>id</key>
                <string>3258</string>
                <key>Image</key>
                <dict>
                    <key>value</key>
                    <string>1979</string>
                </dict>
            </dict>
            <dict>
                <key>id</key>
                <string>3268</string>
                <key>Image</key>
                <dict>
                    <key>value</key>
                    <string>3264</string>
                </dict>
            </dict>
            <dict>
                <key>id</key>
                <string>3279</string>
                <key>Image</key>
                <dict>
                    <key>value</key>
                    <string>3275</string>
                </dict>
            </dict>
            <dict>
                <key>id</key>
                <string>3285</string>
                <key>Image</key>
                <dict>
                    <key>value</key>
                    <string>1979</string>
                </dict>
            </dict>
            <dict>
                <key>id</key>
                <string>3294</string>
                <key>Image</key>
                <dict>
                    <key>value</key>
                    <string>1979</string>
                </dict>
            </dict>
            <dict>
                <key>id</key>
                <string>3303</string>
                <key>Image</key>
                <dict>
                    <key>value</key>
                    <string>1979</string>
                </dict>
            </dict>
            <dict>
                <key>id</key>
                <string>3312</string>
                <key>Image</key>
                <dict>
                    <key>value</key>
                    <string>1979</string>
                </dict>
            </dict>
            <dict>
                <key>id</key>
                <string>3321</string>
                <key>Image</key>
                <dict>
                    <key>value</key>
                    <string>1979</string>
                </dict>
            </dict>
            <dict>
                <key>id</key>
                <string>3330</string>
                <key>Image</key>
                <dict>
                    <key>value</key>
                    <string>1979</string>
                </dict>
            </dict>
            <dict>
                <key>id</key>
                <string>3410</string>
                <key>Image</key>
                <dict>
                    <key>value</key>
                    <string>1979</string>
                </dict>
            </dict>
            <dict>
                <key>id</key>
                <string>3419</string>
                <key>Image</key>
                <dict>
                    <key>value</key>
                    <string>1979</string>
                </dict>
            </dict>
        </array>
    </dict>
</plist>
