<?xml version="1.0" encoding="UTF-8"?>
<!DOCTYPE plist PUBLIC "-//Apple//DTD PLIST 1.0//EN" "http://www.apple.com/DTDs/PropertyList-1.0.dtd"/>

<plist version="1.0">
    <dict>
        <key>ROOT</key>
        <array>
            <dict>
                <key>id</key>
                <string>109</string>
                <key>sprites</key>
                <array>
                    <string>110</string>
                </array>
            </dict>
            <dict>
                <key>id</key>
                <string>150</string>
                <key>sprites</key>
                <array>
                    <string>151</string>
                </array>
            </dict>
            <dict>
                <key>id</key>
                <string>341</string>
                <key>sprites</key>
                <array>
                    <string>342</string>
                </array>
            </dict>
            <dict>
                <key>id</key>
                <string>441</string>
                <key>sprites</key>
                <array>
                    <string>442</string>
                </array>
            </dict>
            <dict>
                <key>id</key>
                <string>991</string>
                <key>sprites</key>
                <array>
                    <string>992</string>
                </array>
            </dict>
            <dict>
                <key>id</key>
                <string>1042</string>
                <key>sprites</key>
                <array>
                    <string>1043</string>
                </array>
            </dict>
            <dict>
                <key>id</key>
                <string>1050</string>
                <key>sprites</key>
                <array>
                    <string>1051</string>
                </array>
            </dict>
            <dict>
                <key>id</key>
                <string>1186</string>
                <key>sprites</key>
                <array>
                    <string>1187</string>
                </array>
            </dict>
            <dict>
                <key>id</key>
                <string>1483</string>
                <key>sprites</key>
                <array>
                    <string>1484</string>
                </array>
            </dict>
            <dict>
                <key>id</key>
                <string>1489</string>
                <key>sprites</key>
                <array>
                    <string>1490</string>
                </array>
            </dict>
            <dict>
                <key>id</key>
                <string>1501</string>
                <key>sprites</key>
                <array>
                    <string>1502</string>
                </array>
            </dict>
            <dict>
                <key>id</key>
                <string>1566</string>
                <key>sprites</key>
                <array>
                    <string>1567</string>
                </array>
            </dict>
            <dict>
                <key>id</key>
                <string>1572</string>
                <key>sprites</key>
                <array>
                    <string>1573</string>
                </array>
            </dict>
            <dict>
                <key>id</key>
                <string>1575</string>
                <key>sprites</key>
                <array>
                    <string>1576</string>
                </array>
            </dict>
            <dict>
                <key>id</key>
                <string>1580</string>
                <key>sprites</key>
                <array>
                    <string>1581</string>
                </array>
            </dict>
            <dict>
                <key>id</key>
                <string>1588</string>
                <key>sprites</key>
                <array>
                    <string>1589</string>
                </array>
            </dict>
            <dict>
                <key>id</key>
                <string>1590</string>
                <key>sprites</key>
                <array>
                    <string>1591</string>
                </array>
            </dict>
            <dict>
                <key>id</key>
                <string>1597</string>
                <key>sprites</key>
                <array>
                    <string>1598</string>
                </array>
            </dict>
            <dict>
                <key>id</key>
                <string>1603</string>
                <key>sprites</key>
                <array>
                    <string>1604</string>
                </array>
            </dict>
            <dict>
                <key>id</key>
                <string>1609</string>
                <key>sprites</key>
                <array>
                    <string>1610</string>
                </array>
            </dict>
            <dict>
                <key>id</key>
                <string>1612</string>
                <key>sprites</key>
                <array>
                    <string>1613</string>
                </array>
            </dict>
            <dict>
                <key>id</key>
                <string>1615</string>
                <key>sprites</key>
                <array>
                    <string>1616</string>
                </array>
            </dict>
            <dict>
                <key>id</key>
                <string>1618</string>
                <key>sprites</key>
                <array>
                    <string>1619</string>
                </array>
            </dict>
            <dict>
                <key>id</key>
                <string>1625</string>
                <key>sprites</key>
                <array>
                    <string>1626</string>
                </array>
            </dict>
            <dict>
                <key>id</key>
                <string>1628</string>
                <key>sprites</key>
                <array>
                    <string>1629</string>
                </array>
            </dict>
            <dict>
                <key>id</key>
                <string>1659</string>
                <key>sprites</key>
                <array>
                    <string>1660</string>
                </array>
            </dict>
            <dict>
                <key>id</key>
                <string>1662</string>
                <key>sprites</key>
                <array>
                    <string>1663</string>
                </array>
            </dict>
            <dict>
                <key>id</key>
                <string>1692</string>
                <key>sprites</key>
                <array>
                    <string>1693</string>
                </array>
            </dict>
            <dict>
                <key>id</key>
                <string>1696</string>
                <key>sprites</key>
                <array>
                    <string>1697</string>
                </array>
            </dict>
            <dict>
                <key>id</key>
                <string>1708</string>
                <key>sprites</key>
                <array>
                    <string>1709</string>
                </array>
            </dict>
            <dict>
                <key>id</key>
                <string>1728</string>
                <key>sprites</key>
                <array>
                    <string>1729</string>
                </array>
            </dict>
            <dict>
                <key>id</key>
                <string>1740</string>
                <key>sprites</key>
                <array>
                    <string>1741</string>
                    <string>1742</string>
                    <string>1743</string>
                    <string>1744</string>
                    <string>1745</string>
                    <string>1746</string>
                    <string>1747</string>
                    <string>1748</string>
                    <string>1749</string>
                    <string>1750</string>
                </array>
            </dict>
            <dict>
                <key>id</key>
                <string>1767</string>
                <key>sprites</key>
                <array>
                    <string>1768</string>
                    <string>1769</string>
                    <string>1770</string>
                    <string>1771</string>
                    <string>1772</string>
                    <string>1773</string>
                    <string>1774</string>
                    <string>1775</string>
                    <string>1776</string>
                    <string>1777</string>
                </array>
            </dict>
            <dict>
                <key>id</key>
                <string>1793</string>
                <key>sprites</key>
                <array>
                    <string>1794</string>
                    <string>1796</string>
                    <string>1797</string>
                    <string>1798</string>
                    <string>1799</string>
                    <string>1800</string>
                    <string>1801</string>
                    <string>1802</string>
                    <string>1803</string>
                    <string>1805</string>
                </array>
            </dict>
            <dict>
                <key>id</key>
                <string>1822</string>
                <key>sprites</key>
                <array>
                    <string>1823</string>
                </array>
            </dict>
            <dict>
                <key>id</key>
                <string>1834</string>
                <key>sprites</key>
                <array>
                    <string>1835</string>
                    <string>1836</string>
                    <string>1837</string>
                    <string>1838</string>
                    <string>1839</string>
                    <string>1840</string>
                    <string>1841</string>
                    <string>1842</string>
                </array>
            </dict>
            <dict>
                <key>id</key>
                <string>1857</string>
                <key>sprites</key>
                <array>
                    <string>1858</string>
                </array>
            </dict>
            <dict>
                <key>id</key>
                <string>1869</string>
                <key>sprites</key>
                <array>
                    <string>1870</string>
                </array>
            </dict>
            <dict>
                <key>id</key>
                <string>1878</string>
                <key>sprites</key>
                <array>
                    <string>1879</string>
                    <string>1880</string>
                    <string>1881</string>
                    <string>1882</string>
                    <string>1883</string>
                    <string>1884</string>
                    <string>1885</string>
                    <string>1886</string>
                    <string>1887</string>
                    <string>1888</string>
                </array>
            </dict>
            <dict>
                <key>id</key>
                <string>1904</string>
                <key>sprites</key>
                <array>
                    <string>1905</string>
                    <string>1906</string>
                    <string>1907</string>
                    <string>1908</string>
                    <string>1909</string>
                    <string>1910</string>
                    <string>1911</string>
                    <string>1912</string>
                    <string>1914</string>
                    <string>1915</string>
                    <string>1916</string>
                    <string>1917</string>
                </array>
            </dict>
            <dict>
                <key>id</key>
                <string>1935</string>
                <key>sprites</key>
                <array>
                    <string>1936</string>
                    <string>1937</string>
                    <string>1938</string>
                    <string>1939</string>
                    <string>1940</string>
                    <string>1941</string>
                    <string>1942</string>
                    <string>1943</string>
                </array>
            </dict>
            <dict>
                <key>id</key>
                <string>1957</string>
                <key>sprites</key>
                <array>
                    <string>1958</string>
                    <string>1959</string>
                    <string>1960</string>
                    <string>1961</string>
                    <string>1962</string>
                    <string>1963</string>
                    <string>1964</string>
                    <string>1965</string>
                </array>
            </dict>
            <dict>
                <key>id</key>
                <string>1979</string>
                <key>sprites</key>
                <array>
                    <string>1980</string>
                </array>
            </dict>
            <dict>
                <key>id</key>
                <string>2097</string>
                <key>sprites</key>
                <array>
                    <string>2098</string>
                </array>
            </dict>
            <dict>
                <key>id</key>
                <string>2139</string>
                <key>sprites</key>
                <array>
                    <string>2140</string>
                    <string>2141</string>
                    <string>2142</string>
                    <string>2143</string>
                </array>
            </dict>
            <dict>
                <key>id</key>
                <string>2154</string>
                <key>sprites</key>
                <array>
                    <string>2155</string>
                    <string>2156</string>
                    <string>2157</string>
                    <string>2158</string>
                    <string>2159</string>
                    <string>2160</string>
                </array>
            </dict>
            <dict>
                <key>id</key>
                <string>2230</string>
                <key>sprites</key>
                <array>
                    <string>2231</string>
                    <string>2232</string>
                    <string>2233</string>
                    <string>2234</string>
                    <string>2235</string>
                    <string>2236</string>
                    <string>2237</string>
                    <string>2238</string>
                    <string>2239</string>
                    <string>2240</string>
                    <string>2241</string>
                    <string>2242</string>
                    <string>2243</string>
                    <string>2244</string>
                    <string>2245</string>
                    <string>2246</string>
                    <string>2247</string>
                </array>
            </dict>
            <dict>
                <key>id</key>
                <string>2261</string>
                <key>sprites</key>
                <array>
                    <string>2262</string>
                </array>
            </dict>
            <dict>
                <key>id</key>
                <string>2378</string>
                <key>sprites</key>
                <array>
                    <string>2379</string>
                </array>
            </dict>
            <dict>
                <key>id</key>
                <string>2476</string>
                <key>sprites</key>
                <array>
                    <string>2477</string>
                </array>
            </dict>
            <dict>
                <key>id</key>
                <string>2511</string>
                <key>sprites</key>
                <array>
                    <string>2512</string>
                </array>
            </dict>
            <dict>
                <key>id</key>
                <string>2559</string>
                <key>sprites</key>
                <array>
                    <string>2560</string>
                </array>
            </dict>
            <dict>
                <key>id</key>
                <string>2603</string>
                <key>sprites</key>
                <array>
                    <string>2604</string>
                    <string>2605</string>
                    <string>2606</string>
                    <string>2607</string>
                    <string>2608</string>
                    <string>2609</string>
                    <string>2610</string>
                    <string>2611</string>
                    <string>2612</string>
                </array>
            </dict>
            <dict>
                <key>id</key>
                <string>2699</string>
                <key>sprites</key>
                <array>
                    <string>2700</string>
                </array>
            </dict>
            <dict>
                <key>id</key>
                <string>2716</string>
                <key>sprites</key>
                <array>
                    <string>2717</string>
                </array>
            </dict>
            <dict>
                <key>id</key>
                <string>2776</string>
                <key>sprites</key>
                <array>
                    <string>2777</string>
                </array>
            </dict>
            <dict>
                <key>id</key>
                <string>2807</string>
                <key>sprites</key>
                <array>
                    <string>2808</string>
                </array>
            </dict>
            <dict>
                <key>id</key>
                <string>3264</string>
                <key>sprites</key>
                <array>
                    <string>3265</string>
                </array>
            </dict>
            <dict>
                <key>id</key>
                <string>3269</string>
                <key>sprites</key>
                <array>
                    <string>3270</string>
                </array>
            </dict>
            <dict>
                <key>id</key>
                <string>3275</string>
                <key>sprites</key>
                <array>
                    <string>3276</string>
                </array>
            </dict>
            <dict>
                <key>id</key>
                <string>3394</string>
                <key>sprites</key>
                <array>
                    <string>3395</string>
                </array>
            </dict>
            <dict>
                <key>id</key>
                <string>3400</string>
                <key>sprites</key>
                <array>
                    <string>3401</string>
                </array>
            </dict>
        </array>
    </dict>
</plist>
