<?xml version="1.0" encoding="UTF-8"?>
<!DOCTYPE plist PUBLIC "-//Apple//DTD PLIST 1.0//EN" "http://www.apple.com/DTDs/PropertyList-1.0.dtd"/>

<plist version="1.0">
    <dict>
        <key>ROOT</key>
        <array>
            <dict>
                <key>id</key>
                <string>2322</string>
                <key>className</key>
                <string>PTModelObjectAssetTeleport</string>
                <key>Name</key>
                <dict>
                    <key>value</key>
                    <string>Portal</string>
                </dict>
                <key>Position</key>
                <dict>
                    <key>value</key>
                    <string>{403.576,135.700}</string>
                </dict>
                <key>Scale</key>
                <dict>
                    <key>value</key>
                    <string>{1.000,1.000}</string>
                </dict>
                <key>Hidden</key>
                <dict>
                    <key>visible</key>
                    <string>0</string>
                </dict>
                <key>Locked</key>
                <dict>
                    <key>visible</key>
                    <string>0</string>
                </dict>
                <key>Opacity</key>
                <dict>
                    <key>visible</key>
                    <string>0</string>
                </dict>
                <key>zDepth</key>
                <string>501</string>
            </dict>
            <dict>
                <key>id</key>
                <string>2328</string>
                <key>className</key>
                <string>PTModelObjectAssetTeleport</string>
                <key>Name</key>
                <dict>
                    <key>value</key>
                    <string>Portal 2</string>
                </dict>
                <key>Position</key>
                <dict>
                    <key>value</key>
                    <string>{519.891,447.635}</string>
                </dict>
                <key>Scale</key>
                <dict>
                    <key>value</key>
                    <string>{1.000,1.000}</string>
                </dict>
                <key>Hidden</key>
                <dict>
                    <key>visible</key>
                    <string>0</string>
                </dict>
                <key>Locked</key>
                <dict>
                    <key>visible</key>
                    <string>0</string>
                </dict>
                <key>Opacity</key>
                <dict>
                    <key>visible</key>
                    <string>0</string>
                </dict>
                <key>zDepth</key>
                <string>502</string>
            </dict>
        </array>
    </dict>
</plist>
