<?xml version="1.0" encoding="UTF-8"?>
<!DOCTYPE plist PUBLIC "-//Apple//DTD PLIST 1.0//EN" "http://www.apple.com/DTDs/PropertyList-1.0.dtd"/>

<plist version="1.0">
    <dict>
        <key>ROOT</key>
        <array>
            <dict>
                <key>id</key>
                <string>103</string>
                <key>children</key>
                <array>
                    <string>217</string>
                    <string>429</string>
                    <string>515</string>
                    <string>605</string>
                    <string>610</string>
                    <string>641</string>
                </array>
                <key>childLinkers</key>
                <array/>
            </dict>
            <dict>
                <key>id</key>
                <string>1639</string>
                <key>children</key>
                <array>
                    <string>2709</string>
                    <string>2726</string>
                    <string>2728</string>
                    <string>2730</string>
                    <string>2732</string>
                    <string>2734</string>
                    <string>2736</string>
                    <string>2738</string>
                    <string>2740</string>
                    <string>2746</string>
                    <string>2749</string>
                    <string>2751</string>
                    <string>2753</string>
                    <string>2755</string>
                    <string>2757</string>
                </array>
                <key>childLinkers</key>
                <array/>
            </dict>
            <dict>
                <key>id</key>
                <string>1395</string>
                <key>children</key>
                <array>
                    <string>1718</string>
                    <string>1720</string>
                    <string>1722</string>
                    <string>1724</string>
                    <string>1868</string>
                    <string>2490</string>
                    <string>2522</string>
                </array>
                <key>childLinkers</key>
                <array/>
            </dict>
            <dict>
                <key>id</key>
                <string>1646</string>
                <key>children</key>
                <array>
                    <string>2782</string>
                    <string>2785</string>
                    <string>2795</string>
                    <string>2797</string>
                    <string>2799</string>
                    <string>2817</string>
                    <string>2821</string>
                    <string>2845</string>
                    <string>2941</string>
                    <string>2945</string>
                    <string>2949</string>
                    <string>3156</string>
                    <string>3166</string>
                    <string>3176</string>
                </array>
                <key>childLinkers</key>
                <array>
                    <string>3180</string>
                    <string>3181</string>
                    <string>3182</string>
                    <string>3189</string>
                    <string>3190</string>
                </array>
            </dict>
            <dict>
                <key>id</key>
                <string>2938</string>
                <key>children</key>
                <array>
                    <string>2952</string>
                    <string>2955</string>
                    <string>2957</string>
                    <string>2959</string>
                    <string>2961</string>
                    <string>2963</string>
                    <string>2965</string>
                    <string>2967</string>
                    <string>2969</string>
                    <string>2975</string>
                    <string>2980</string>
                    <string>2986</string>
                </array>
                <key>childLinkers</key>
                <array/>
            </dict>
            <dict>
                <key>id</key>
                <string>2997</string>
                <key>children</key>
                <array>
                    <string>3000</string>
                    <string>3003</string>
                    <string>3005</string>
                    <string>3007</string>
                    <string>3009</string>
                    <string>3011</string>
                    <string>3013</string>
                    <string>3015</string>
                    <string>3017</string>
                    <string>3025</string>
                    <string>3031</string>
                </array>
                <key>childLinkers</key>
                <array/>
            </dict>
            <dict>
                <key>id</key>
                <string>1249</string>
                <key>children</key>
                <array>
                    <string>1251</string>
                </array>
                <key>childLinkers</key>
                <array/>
            </dict>
            <dict>
                <key>id</key>
                <string>1407</string>
                <key>children</key>
                <array>
                    <string>2033</string>
                    <string>2035</string>
                    <string>2037</string>
                    <string>2107</string>
                    <string>2169</string>
                    <string>2180</string>
                    <string>2182</string>
                    <string>2184</string>
                    <string>2186</string>
                </array>
                <key>childLinkers</key>
                <array/>
            </dict>
            <dict>
                <key>id</key>
                <string>2217</string>
                <key>children</key>
                <array>
                    <string>2224</string>
                    <string>2228</string>
                    <string>2256</string>
                    <string>2258</string>
                    <string>2260</string>
                </array>
                <key>childLinkers</key>
                <array/>
            </dict>
            <dict>
                <key>id</key>
                <string>2291</string>
                <key>children</key>
                <array>
                    <string>2294</string>
                    <string>2296</string>
                    <string>2298</string>
                    <string>2300</string>
                    <string>2302</string>
                    <string>2306</string>
                    <string>2308</string>
                    <string>2312</string>
                    <string>2316</string>
                    <string>2322</string>
                    <string>2328</string>
                    <string>2334</string>
                </array>
                <key>childLinkers</key>
                <array/>
            </dict>
            <dict>
                <key>id</key>
                <string>104</string>
                <key>children</key>
                <array>
                    <string>394</string>
                    <string>426</string>
                    <string>463</string>
                    <string>475</string>
                    <string>484</string>
                    <string>499</string>
                    <string>582</string>
                    <string>594</string>
                    <string>596</string>
                    <string>755</string>
                    <string>935</string>
                    <string>951</string>
                </array>
                <key>childLinkers</key>
                <array/>
            </dict>
            <dict>
                <key>id</key>
                <string>2362</string>
                <key>children</key>
                <array>
                    <string>2365</string>
                    <string>2367</string>
                    <string>2371</string>
                    <string>2373</string>
                    <string>2383</string>
                    <string>2416</string>
                    <string>2422</string>
                    <string>2428</string>
                </array>
                <key>childLinkers</key>
                <array/>
            </dict>
            <dict>
                <key>id</key>
                <string>938</string>
                <key>children</key>
                <array>
                    <string>1113</string>
                </array>
                <key>childLinkers</key>
                <array/>
            </dict>
            <dict>
                <key>id</key>
                <string>2475</string>
                <key>children</key>
                <array>
                    <string>2493</string>
                    <string>2495</string>
                    <string>2497</string>
                    <string>2499</string>
                    <string>2501</string>
                    <string>2504</string>
                    <string>2509</string>
                    <string>2571</string>
                    <string>2621</string>
                </array>
                <key>childLinkers</key>
                <array/>
            </dict>
            <dict>
                <key>id</key>
                <string>939</string>
                <key>children</key>
                <array>
                    <string>1017</string>
                    <string>1035</string>
                    <string>1047</string>
                    <string>1133</string>
                    <string>1154</string>
                </array>
                <key>childLinkers</key>
                <array/>
            </dict>
        </array>
    </dict>
</plist>
