<?xml version="1.0" encoding="UTF-8"?>
<!DOCTYPE plist PUBLIC "-//Apple//DTD PLIST 1.0//EN" "http://www.apple.com/DTDs/PropertyList-1.0.dtd"/>

<plist version="1.0">
    <dict>
        <key>ROOT</key>
        <array>
            <dict>
                <key>id</key>
                <string>1710</string>
                <key>Idle Animation</key>
                <dict>
                    <key>value</key>
                    <string>1712</string>
                </dict>
            </dict>
            <dict>
                <key>id</key>
                <string>2248</string>
                <key>Idle Animation</key>
                <dict>
                    <key>value</key>
                    <string>2250</string>
                </dict>
            </dict>
            <dict>
                <key>id</key>
                <string>2099</string>
                <key>Idle Animation</key>
                <dict>
                    <key>value</key>
                    <string>2101</string>
                </dict>
            </dict>
            <dict>
                <key>id</key>
                <string>2264</string>
                <key>Idle Animation</key>
                <dict>
                    <key>value</key>
                    <string>2266</string>
                </dict>
            </dict>
            <dict>
                <key>id</key>
                <string>2478</string>
                <key>Idle Animation</key>
                <dict>
                    <key>value</key>
                    <string>2480</string>
                </dict>
            </dict>
            <dict>
                <key>id</key>
                <string>2514</string>
                <key>Idle Animation</key>
                <dict>
                    <key>value</key>
                    <string>2516</string>
                </dict>
            </dict>
            <dict>
                <key>id</key>
                <string>2561</string>
                <key>Idle Animation</key>
                <dict>
                    <key>value</key>
                    <string>2563</string>
                </dict>
            </dict>
            <dict>
                <key>id</key>
                <string>2613</string>
                <key>Idle Animation</key>
                <dict>
                    <key>value</key>
                    <string>2615</string>
                </dict>
            </dict>
            <dict>
                <key>id</key>
                <string>2701</string>
                <key>Idle Animation</key>
                <dict>
                    <key>value</key>
                    <string>2703</string>
                </dict>
            </dict>
            <dict>
                <key>id</key>
                <string>2718</string>
                <key>Idle Animation</key>
                <dict>
                    <key>value</key>
                    <string>2720</string>
                </dict>
            </dict>
            <dict>
                <key>id</key>
                <string>2809</string>
                <key>Idle Animation</key>
                <dict>
                    <key>value</key>
                    <string>2811</string>
                </dict>
            </dict>
        </array>
    </dict>
</plist>
