<?xml version="1.0" encoding="UTF-8"?>
<!DOCTYPE plist PUBLIC "-//Apple//DTD PLIST 1.0//EN" "http://www.apple.com/DTDs/PropertyList-1.0.dtd"/>

<plist version="1.0">
    <dict>
        <key>ROOT</key>
        <array>
            <dict>
                <key>id</key>
                <string>1995</string>
            </dict>
            <dict>
                <key>id</key>
                <string>2004</string>
            </dict>
            <dict>
                <key>id</key>
                <string>2013</string>
            </dict>
            <dict>
                <key>id</key>
                <string>2022</string>
            </dict>
            <dict>
                <key>id</key>
                <string>2046</string>
            </dict>
            <dict>
                <key>id</key>
                <string>2055</string>
            </dict>
            <dict>
                <key>id</key>
                <string>2064</string>
            </dict>
            <dict>
                <key>id</key>
                <string>2078</string>
            </dict>
            <dict>
                <key>id</key>
                <string>2087</string>
            </dict>
            <dict>
                <key>id</key>
                <string>2096</string>
            </dict>
            <dict>
                <key>id</key>
                <string>2116</string>
            </dict>
            <dict>
                <key>id</key>
                <string>2125</string>
            </dict>
            <dict>
                <key>id</key>
                <string>2137</string>
            </dict>
            <dict>
                <key>id</key>
                <string>2178</string>
            </dict>
            <dict>
                <key>id</key>
                <string>2198</string>
            </dict>
            <dict>
                <key>id</key>
                <string>2207</string>
            </dict>
            <dict>
                <key>id</key>
                <string>2216</string>
            </dict>
            <dict>
                <key>id</key>
                <string>2281</string>
            </dict>
            <dict>
                <key>id</key>
                <string>2290</string>
            </dict>
            <dict>
                <key>id</key>
                <string>2352</string>
            </dict>
            <dict>
                <key>id</key>
                <string>2361</string>
            </dict>
            <dict>
                <key>id</key>
                <string>2439</string>
            </dict>
            <dict>
                <key>id</key>
                <string>2448</string>
            </dict>
            <dict>
                <key>id</key>
                <string>2457</string>
            </dict>
            <dict>
                <key>id</key>
                <string>2466</string>
            </dict>
            <dict>
                <key>id</key>
                <string>2531</string>
            </dict>
            <dict>
                <key>id</key>
                <string>2540</string>
            </dict>
            <dict>
                <key>id</key>
                <string>2549</string>
            </dict>
            <dict>
                <key>id</key>
                <string>2558</string>
            </dict>
            <dict>
                <key>id</key>
                <string>2584</string>
            </dict>
            <dict>
                <key>id</key>
                <string>2593</string>
            </dict>
            <dict>
                <key>id</key>
                <string>2602</string>
            </dict>
            <dict>
                <key>id</key>
                <string>2630</string>
            </dict>
            <dict>
                <key>id</key>
                <string>2639</string>
            </dict>
            <dict>
                <key>id</key>
                <string>2648</string>
            </dict>
            <dict>
                <key>id</key>
                <string>2657</string>
            </dict>
            <dict>
                <key>id</key>
                <string>2766</string>
            </dict>
            <dict>
                <key>id</key>
                <string>2877</string>
            </dict>
            <dict>
                <key>id</key>
                <string>2886</string>
            </dict>
            <dict>
                <key>id</key>
                <string>2897</string>
            </dict>
            <dict>
                <key>id</key>
                <string>2908</string>
            </dict>
            <dict>
                <key>id</key>
                <string>2917</string>
            </dict>
            <dict>
                <key>id</key>
                <string>2928</string>
            </dict>
            <dict>
                <key>id</key>
                <string>2937</string>
            </dict>
            <dict>
                <key>id</key>
                <string>2996</string>
            </dict>
            <dict>
                <key>id</key>
                <string>3041</string>
            </dict>
            <dict>
                <key>id</key>
                <string>3050</string>
            </dict>
            <dict>
                <key>id</key>
                <string>3059</string>
            </dict>
            <dict>
                <key>id</key>
                <string>3068</string>
            </dict>
            <dict>
                <key>id</key>
                <string>3077</string>
            </dict>
            <dict>
                <key>id</key>
                <string>3086</string>
            </dict>
            <dict>
                <key>id</key>
                <string>3095</string>
            </dict>
            <dict>
                <key>id</key>
                <string>3104</string>
            </dict>
            <dict>
                <key>id</key>
                <string>3113</string>
            </dict>
            <dict>
                <key>id</key>
                <string>3124</string>
            </dict>
            <dict>
                <key>id</key>
                <string>3138</string>
            </dict>
            <dict>
                <key>id</key>
                <string>3148</string>
            </dict>
            <dict>
                <key>id</key>
                <string>3199</string>
            </dict>
            <dict>
                <key>id</key>
                <string>3208</string>
            </dict>
            <dict>
                <key>id</key>
                <string>3217</string>
            </dict>
            <dict>
                <key>id</key>
                <string>3226</string>
            </dict>
            <dict>
                <key>id</key>
                <string>3235</string>
            </dict>
            <dict>
                <key>id</key>
                <string>3244</string>
            </dict>
            <dict>
                <key>id</key>
                <string>3253</string>
            </dict>
            <dict>
                <key>id</key>
                <string>3262</string>
            </dict>
            <dict>
                <key>id</key>
                <string>3289</string>
            </dict>
            <dict>
                <key>id</key>
                <string>3298</string>
            </dict>
            <dict>
                <key>id</key>
                <string>3307</string>
            </dict>
            <dict>
                <key>id</key>
                <string>3316</string>
            </dict>
            <dict>
                <key>id</key>
                <string>3325</string>
            </dict>
            <dict>
                <key>id</key>
                <string>3334</string>
            </dict>
            <dict>
                <key>id</key>
                <string>3414</string>
            </dict>
            <dict>
                <key>id</key>
                <string>3423</string>
            </dict>
        </array>
    </dict>
</plist>
