<?xml version="1.0" encoding="UTF-8"?>
<!DOCTYPE plist PUBLIC "-//Apple//DTD PLIST 1.0//EN" "http://www.apple.com/DTDs/PropertyList-1.0.dtd"/>

<plist version="1.0">
    <dict>
        <key>ROOT</key>
        <array>
            <dict>
                <key>id</key>
                <string>1868</string>
                <key>className</key>
                <string>PTModelObjectAssetCharacter</string>
                <key>Name</key>
                <dict>
                    <key>value</key>
                    <string>Idle (1)</string>
                </dict>
                <key>Position</key>
                <dict>
                    <key>value</key>
                    <string>{52.997,207.693}</string>
                    <key>animationsX</key>
                    <array/>
                    <key>animationsY</key>
                    <array/>
                </dict>
                <key>Rotation</key>
                <dict>
                    <key>animations</key>
                    <array/>
                </dict>
                <key>Scale</key>
                <dict>
                    <key>value</key>
                    <string>{0.636,0.512}</string>
                    <key>animationsX</key>
                    <array/>
                    <key>animationsY</key>
                    <array/>
                </dict>
                <key>Hidden</key>
                <dict>
                    <key>visible</key>
                    <string>0</string>
                </dict>
                <key>Locked</key>
                <dict>
                    <key>visible</key>
                    <string>0</string>
                </dict>
                <key>Opacity</key>
                <dict>
                    <key>animations</key>
                    <array/>
                </dict>
                <key>Asset</key>
                <dict>
                    <key>visible</key>
                    <string>0</string>
                </dict>
                <key>zDepth</key>
                <string>500</string>
            </dict>
            <dict>
                <key>id</key>
                <string>2746</string>
                <key>className</key>
                <string>PTModelObjectAssetCharacter</string>
                <key>Name</key>
                <dict>
                    <key>value</key>
                    <string>Idle (1)</string>
                </dict>
                <key>Position</key>
                <dict>
                    <key>value</key>
                    <string>{56.127,227.809}</string>
                </dict>
                <key>Scale</key>
                <dict>
                    <key>value</key>
                    <string>{0.592,0.466}</string>
                </dict>
                <key>Hidden</key>
                <dict>
                    <key>visible</key>
                    <string>0</string>
                </dict>
                <key>Locked</key>
                <dict>
                    <key>visible</key>
                    <string>0</string>
                </dict>
                <key>Asset</key>
                <dict>
                    <key>visible</key>
                    <string>0</string>
                </dict>
                <key>zDepth</key>
                <string>500</string>
            </dict>
        </array>
    </dict>
</plist>
