<?xml version="1.0" encoding="UTF-8"?>
<!DOCTYPE plist PUBLIC "-//Apple//DTD PLIST 1.0//EN" "http://www.apple.com/DTDs/PropertyList-1.0.dtd"/>

<plist version="1.0">
    <dict>
        <key>ROOT</key>
        <array>
            <dict>
                <key>id</key>
                <string>2169</string>
                <key>Asset</key>
                <dict>
                    <key>value</key>
                    <string>2161</string>
                </dict>
            </dict>
            <dict>
                <key>id</key>
                <string>2180</string>
                <key>Asset</key>
                <dict>
                    <key>value</key>
                    <string>2161</string>
                </dict>
            </dict>
            <dict>
                <key>id</key>
                <string>2182</string>
                <key>Asset</key>
                <dict>
                    <key>value</key>
                    <string>2161</string>
                </dict>
            </dict>
            <dict>
                <key>id</key>
                <string>2184</string>
                <key>Asset</key>
                <dict>
                    <key>value</key>
                    <string>2161</string>
                </dict>
            </dict>
            <dict>
                <key>id</key>
                <string>2186</string>
                <key>Asset</key>
                <dict>
                    <key>value</key>
                    <string>2161</string>
                </dict>
            </dict>
            <dict>
                <key>id</key>
                <string>2749</string>
                <key>Asset</key>
                <dict>
                    <key>value</key>
                    <string>2161</string>
                </dict>
            </dict>
            <dict>
                <key>id</key>
                <string>2751</string>
                <key>Asset</key>
                <dict>
                    <key>value</key>
                    <string>2161</string>
                </dict>
            </dict>
            <dict>
                <key>id</key>
                <string>2753</string>
                <key>Asset</key>
                <dict>
                    <key>value</key>
                    <string>2161</string>
                </dict>
            </dict>
            <dict>
                <key>id</key>
                <string>2755</string>
                <key>Asset</key>
                <dict>
                    <key>value</key>
                    <string>2161</string>
                </dict>
            </dict>
            <dict>
                <key>id</key>
                <string>2757</string>
                <key>Asset</key>
                <dict>
                    <key>value</key>
                    <string>2161</string>
                </dict>
            </dict>
            <dict>
                <key>id</key>
                <string>2941</string>
                <key>Asset</key>
                <dict>
                    <key>value</key>
                    <string>2161</string>
                </dict>
            </dict>
            <dict>
                <key>id</key>
                <string>2945</string>
                <key>Asset</key>
                <dict>
                    <key>value</key>
                    <string>2161</string>
                </dict>
            </dict>
            <dict>
                <key>id</key>
                <string>2949</string>
                <key>Asset</key>
                <dict>
                    <key>value</key>
                    <string>2161</string>
                </dict>
            </dict>
        </array>
    </dict>
</plist>
