<?xml version="1.0" encoding="UTF-8"?>
<!DOCTYPE plist PUBLIC "-//Apple//DTD PLIST 1.0//EN" "http://www.apple.com/DTDs/PropertyList-1.0.dtd"/>

<plist version="1.0">
    <dict>
        <key>ROOT</key>
        <array>
            <dict>
                <key>id</key>
                <string>3180</string>
                <key>objectA</key>
                <string>2821</string>
                <key>objectB</key>
                <string>3156</string>
            </dict>
            <dict>
                <key>id</key>
                <string>3181</string>
                <key>objectA</key>
                <string>3156</string>
                <key>objectB</key>
                <string>3176</string>
            </dict>
            <dict>
                <key>id</key>
                <string>3182</string>
                <key>objectA</key>
                <string>3176</string>
                <key>objectB</key>
                <string>3166</string>
            </dict>
            <dict>
                <key>id</key>
                <string>3189</string>
                <key>objectA</key>
                <string>2817</string>
                <key>objectB</key>
                <string>2821</string>
            </dict>
            <dict>
                <key>id</key>
                <string>3190</string>
                <key>objectA</key>
                <string>2845</string>
                <key>objectB</key>
                <string>3166</string>
            </dict>
        </array>
    </dict>
</plist>
