<?xml version="1.0" encoding="UTF-8"?>
<!DOCTYPE plist PUBLIC "-//Apple//DTD PLIST 1.0//EN" "http://www.apple.com/DTDs/PropertyList-1.0.dtd"/>

<plist version="1.0">
    <dict>
        <key>ROOT</key>
        <array>
            <dict>
                <key>id</key>
                <string>113</string>
                <key>children</key>
                <array>
                    <string>114</string>
                </array>
            </dict>
            <dict>
                <key>id</key>
                <string>130</string>
                <key>children</key>
                <array>
                    <string>447</string>
                </array>
            </dict>
            <dict>
                <key>id</key>
                <string>154</string>
                <key>children</key>
                <array>
                    <string>155</string>
                </array>
            </dict>
            <dict>
                <key>id</key>
                <string>345</string>
                <key>children</key>
                <array>
                    <string>346</string>
                </array>
            </dict>
            <dict>
                <key>id</key>
                <string>403</string>
                <key>children</key>
                <array/>
            </dict>
            <dict>
                <key>id</key>
                <string>812</string>
                <key>children</key>
                <array/>
            </dict>
            <dict>
                <key>id</key>
                <string>838</string>
                <key>children</key>
                <array/>
            </dict>
            <dict>
                <key>id</key>
                <string>849</string>
                <key>children</key>
                <array/>
            </dict>
            <dict>
                <key>id</key>
                <string>865</string>
                <key>children</key>
                <array/>
            </dict>
            <dict>
                <key>id</key>
                <string>979</string>
                <key>children</key>
                <array>
                    <string>984</string>
                </array>
            </dict>
            <dict>
                <key>id</key>
                <string>1167</string>
                <key>children</key>
                <array/>
            </dict>
            <dict>
                <key>id</key>
                <string>1174</string>
                <key>children</key>
                <array/>
            </dict>
            <dict>
                <key>id</key>
                <string>1700</string>
                <key>children</key>
                <array>
                    <string>1701</string>
                </array>
            </dict>
            <dict>
                <key>id</key>
                <string>1712</string>
                <key>children</key>
                <array>
                    <string>1713</string>
                </array>
            </dict>
            <dict>
                <key>id</key>
                <string>1732</string>
                <key>children</key>
                <array>
                    <string>1733</string>
                </array>
            </dict>
            <dict>
                <key>id</key>
                <string>1763</string>
                <key>children</key>
                <array>
                    <string>1764</string>
                </array>
            </dict>
            <dict>
                <key>id</key>
                <string>1789</string>
                <key>children</key>
                <array>
                    <string>1790</string>
                </array>
            </dict>
            <dict>
                <key>id</key>
                <string>1817</string>
                <key>children</key>
                <array>
                    <string>1818</string>
                </array>
            </dict>
            <dict>
                <key>id</key>
                <string>1826</string>
                <key>children</key>
                <array>
                    <string>1827</string>
                </array>
            </dict>
            <dict>
                <key>id</key>
                <string>1852</string>
                <key>children</key>
                <array>
                    <string>1853</string>
                </array>
            </dict>
            <dict>
                <key>id</key>
                <string>1861</string>
                <key>children</key>
                <array>
                    <string>1862</string>
                </array>
            </dict>
            <dict>
                <key>id</key>
                <string>1873</string>
                <key>children</key>
                <array>
                    <string>1874</string>
                </array>
            </dict>
            <dict>
                <key>id</key>
                <string>1900</string>
                <key>children</key>
                <array>
                    <string>1901</string>
                </array>
            </dict>
            <dict>
                <key>id</key>
                <string>1931</string>
                <key>children</key>
                <array>
                    <string>1932</string>
                </array>
            </dict>
            <dict>
                <key>id</key>
                <string>1953</string>
                <key>children</key>
                <array>
                    <string>1954</string>
                </array>
            </dict>
            <dict>
                <key>id</key>
                <string>1975</string>
                <key>children</key>
                <array>
                    <string>1976</string>
                </array>
            </dict>
            <dict>
                <key>id</key>
                <string>1983</string>
                <key>children</key>
                <array>
                    <string>1984</string>
                </array>
            </dict>
            <dict>
                <key>id</key>
                <string>1990</string>
                <key>children</key>
                <array>
                    <string>1991</string>
                </array>
            </dict>
            <dict>
                <key>id</key>
                <string>1999</string>
                <key>children</key>
                <array>
                    <string>2000</string>
                </array>
            </dict>
            <dict>
                <key>id</key>
                <string>2008</string>
                <key>children</key>
                <array>
                    <string>2009</string>
                </array>
            </dict>
            <dict>
                <key>id</key>
                <string>2017</string>
                <key>children</key>
                <array>
                    <string>2018</string>
                </array>
            </dict>
            <dict>
                <key>id</key>
                <string>2041</string>
                <key>children</key>
                <array>
                    <string>2042</string>
                </array>
            </dict>
            <dict>
                <key>id</key>
                <string>2050</string>
                <key>children</key>
                <array>
                    <string>2051</string>
                </array>
            </dict>
            <dict>
                <key>id</key>
                <string>2059</string>
                <key>children</key>
                <array>
                    <string>2060</string>
                </array>
            </dict>
            <dict>
                <key>id</key>
                <string>2073</string>
                <key>children</key>
                <array>
                    <string>2074</string>
                </array>
            </dict>
            <dict>
                <key>id</key>
                <string>2082</string>
                <key>children</key>
                <array>
                    <string>2083</string>
                </array>
            </dict>
            <dict>
                <key>id</key>
                <string>2091</string>
                <key>children</key>
                <array>
                    <string>2092</string>
                </array>
            </dict>
            <dict>
                <key>id</key>
                <string>2101</string>
                <key>children</key>
                <array>
                    <string>2102</string>
                </array>
            </dict>
            <dict>
                <key>id</key>
                <string>2111</string>
                <key>children</key>
                <array>
                    <string>2112</string>
                </array>
            </dict>
            <dict>
                <key>id</key>
                <string>2120</string>
                <key>children</key>
                <array>
                    <string>2121</string>
                </array>
            </dict>
            <dict>
                <key>id</key>
                <string>2132</string>
                <key>children</key>
                <array>
                    <string>2133</string>
                </array>
            </dict>
            <dict>
                <key>id</key>
                <string>2146</string>
                <key>children</key>
                <array>
                    <string>2147</string>
                </array>
            </dict>
            <dict>
                <key>id</key>
                <string>2163</string>
                <key>children</key>
                <array>
                    <string>2164</string>
                </array>
            </dict>
            <dict>
                <key>id</key>
                <string>2173</string>
                <key>children</key>
                <array>
                    <string>2174</string>
                </array>
            </dict>
            <dict>
                <key>id</key>
                <string>2193</string>
                <key>children</key>
                <array>
                    <string>2194</string>
                </array>
            </dict>
            <dict>
                <key>id</key>
                <string>2202</string>
                <key>children</key>
                <array>
                    <string>2203</string>
                </array>
            </dict>
            <dict>
                <key>id</key>
                <string>2211</string>
                <key>children</key>
                <array>
                    <string>2212</string>
                </array>
            </dict>
            <dict>
                <key>id</key>
                <string>2250</string>
                <key>children</key>
                <array>
                    <string>2251</string>
                </array>
            </dict>
            <dict>
                <key>id</key>
                <string>2266</string>
                <key>children</key>
                <array>
                    <string>2267</string>
                </array>
            </dict>
            <dict>
                <key>id</key>
                <string>2276</string>
                <key>children</key>
                <array>
                    <string>2277</string>
                </array>
            </dict>
            <dict>
                <key>id</key>
                <string>2285</string>
                <key>children</key>
                <array>
                    <string>2286</string>
                </array>
            </dict>
            <dict>
                <key>id</key>
                <string>2347</string>
                <key>children</key>
                <array>
                    <string>2348</string>
                </array>
            </dict>
            <dict>
                <key>id</key>
                <string>2356</string>
                <key>children</key>
                <array>
                    <string>2357</string>
                </array>
            </dict>
            <dict>
                <key>id</key>
                <string>2434</string>
                <key>children</key>
                <array>
                    <string>2435</string>
                </array>
            </dict>
            <dict>
                <key>id</key>
                <string>2443</string>
                <key>children</key>
                <array>
                    <string>2444</string>
                </array>
            </dict>
            <dict>
                <key>id</key>
                <string>2452</string>
                <key>children</key>
                <array>
                    <string>2453</string>
                </array>
            </dict>
            <dict>
                <key>id</key>
                <string>2461</string>
                <key>children</key>
                <array>
                    <string>2462</string>
                </array>
            </dict>
            <dict>
                <key>id</key>
                <string>2480</string>
                <key>children</key>
                <array>
                    <string>2481</string>
                </array>
            </dict>
            <dict>
                <key>id</key>
                <string>2516</string>
                <key>children</key>
                <array>
                    <string>2517</string>
                </array>
            </dict>
            <dict>
                <key>id</key>
                <string>2526</string>
                <key>children</key>
                <array>
                    <string>2527</string>
                </array>
            </dict>
            <dict>
                <key>id</key>
                <string>2535</string>
                <key>children</key>
                <array>
                    <string>2536</string>
                </array>
            </dict>
            <dict>
                <key>id</key>
                <string>2544</string>
                <key>children</key>
                <array>
                    <string>2545</string>
                </array>
            </dict>
            <dict>
                <key>id</key>
                <string>2553</string>
                <key>children</key>
                <array>
                    <string>2554</string>
                </array>
            </dict>
            <dict>
                <key>id</key>
                <string>2563</string>
                <key>children</key>
                <array>
                    <string>2564</string>
                </array>
            </dict>
            <dict>
                <key>id</key>
                <string>2579</string>
                <key>children</key>
                <array>
                    <string>2580</string>
                </array>
            </dict>
            <dict>
                <key>id</key>
                <string>2588</string>
                <key>children</key>
                <array>
                    <string>2589</string>
                </array>
            </dict>
            <dict>
                <key>id</key>
                <string>2597</string>
                <key>children</key>
                <array>
                    <string>2598</string>
                </array>
            </dict>
            <dict>
                <key>id</key>
                <string>2615</string>
                <key>children</key>
                <array>
                    <string>2616</string>
                </array>
            </dict>
            <dict>
                <key>id</key>
                <string>2625</string>
                <key>children</key>
                <array>
                    <string>2626</string>
                </array>
            </dict>
            <dict>
                <key>id</key>
                <string>2634</string>
                <key>children</key>
                <array>
                    <string>2635</string>
                </array>
            </dict>
            <dict>
                <key>id</key>
                <string>2643</string>
                <key>children</key>
                <array>
                    <string>2644</string>
                </array>
            </dict>
            <dict>
                <key>id</key>
                <string>2652</string>
                <key>children</key>
                <array>
                    <string>2653</string>
                </array>
            </dict>
            <dict>
                <key>id</key>
                <string>2703</string>
                <key>children</key>
                <array>
                    <string>2704</string>
                </array>
            </dict>
            <dict>
                <key>id</key>
                <string>2720</string>
                <key>children</key>
                <array>
                    <string>2721</string>
                </array>
            </dict>
            <dict>
                <key>id</key>
                <string>2761</string>
                <key>children</key>
                <array>
                    <string>2762</string>
                </array>
            </dict>
            <dict>
                <key>id</key>
                <string>2811</string>
                <key>children</key>
                <array>
                    <string>2812</string>
                </array>
            </dict>
            <dict>
                <key>id</key>
                <string>2872</string>
                <key>children</key>
                <array>
                    <string>2873</string>
                </array>
            </dict>
            <dict>
                <key>id</key>
                <string>2881</string>
                <key>children</key>
                <array>
                    <string>2882</string>
                </array>
            </dict>
            <dict>
                <key>id</key>
                <string>2892</string>
                <key>children</key>
                <array>
                    <string>2893</string>
                </array>
            </dict>
            <dict>
                <key>id</key>
                <string>2903</string>
                <key>children</key>
                <array>
                    <string>2904</string>
                </array>
            </dict>
            <dict>
                <key>id</key>
                <string>2912</string>
                <key>children</key>
                <array>
                    <string>2913</string>
                </array>
            </dict>
            <dict>
                <key>id</key>
                <string>2923</string>
                <key>children</key>
                <array>
                    <string>2924</string>
                </array>
            </dict>
            <dict>
                <key>id</key>
                <string>2932</string>
                <key>children</key>
                <array>
                    <string>2933</string>
                </array>
            </dict>
            <dict>
                <key>id</key>
                <string>2991</string>
                <key>children</key>
                <array>
                    <string>2992</string>
                </array>
            </dict>
            <dict>
                <key>id</key>
                <string>3036</string>
                <key>children</key>
                <array>
                    <string>3037</string>
                </array>
            </dict>
            <dict>
                <key>id</key>
                <string>3045</string>
                <key>children</key>
                <array>
                    <string>3046</string>
                </array>
            </dict>
            <dict>
                <key>id</key>
                <string>3054</string>
                <key>children</key>
                <array>
                    <string>3055</string>
                </array>
            </dict>
            <dict>
                <key>id</key>
                <string>3063</string>
                <key>children</key>
                <array>
                    <string>3064</string>
                </array>
            </dict>
            <dict>
                <key>id</key>
                <string>3072</string>
                <key>children</key>
                <array>
                    <string>3073</string>
                </array>
            </dict>
            <dict>
                <key>id</key>
                <string>3081</string>
                <key>children</key>
                <array>
                    <string>3082</string>
                </array>
            </dict>
            <dict>
                <key>id</key>
                <string>3090</string>
                <key>children</key>
                <array>
                    <string>3091</string>
                </array>
            </dict>
            <dict>
                <key>id</key>
                <string>3099</string>
                <key>children</key>
                <array>
                    <string>3100</string>
                </array>
            </dict>
            <dict>
                <key>id</key>
                <string>3108</string>
                <key>children</key>
                <array>
                    <string>3109</string>
                </array>
            </dict>
            <dict>
                <key>id</key>
                <string>3119</string>
                <key>children</key>
                <array>
                    <string>3120</string>
                </array>
            </dict>
            <dict>
                <key>id</key>
                <string>3133</string>
                <key>children</key>
                <array>
                    <string>3134</string>
                </array>
            </dict>
            <dict>
                <key>id</key>
                <string>3143</string>
                <key>children</key>
                <array>
                    <string>3144</string>
                </array>
            </dict>
            <dict>
                <key>id</key>
                <string>3194</string>
                <key>children</key>
                <array>
                    <string>3195</string>
                </array>
            </dict>
            <dict>
                <key>id</key>
                <string>3203</string>
                <key>children</key>
                <array>
                    <string>3204</string>
                </array>
            </dict>
            <dict>
                <key>id</key>
                <string>3212</string>
                <key>children</key>
                <array>
                    <string>3213</string>
                </array>
            </dict>
            <dict>
                <key>id</key>
                <string>3221</string>
                <key>children</key>
                <array>
                    <string>3222</string>
                </array>
            </dict>
            <dict>
                <key>id</key>
                <string>3230</string>
                <key>children</key>
                <array>
                    <string>3231</string>
                </array>
            </dict>
            <dict>
                <key>id</key>
                <string>3239</string>
                <key>children</key>
                <array>
                    <string>3240</string>
                </array>
            </dict>
            <dict>
                <key>id</key>
                <string>3248</string>
                <key>children</key>
                <array>
                    <string>3249</string>
                </array>
            </dict>
            <dict>
                <key>id</key>
                <string>3257</string>
                <key>children</key>
                <array>
                    <string>3258</string>
                </array>
            </dict>
            <dict>
                <key>id</key>
                <string>3284</string>
                <key>children</key>
                <array>
                    <string>3285</string>
                </array>
            </dict>
            <dict>
                <key>id</key>
                <string>3293</string>
                <key>children</key>
                <array>
                    <string>3294</string>
                </array>
            </dict>
            <dict>
                <key>id</key>
                <string>3302</string>
                <key>children</key>
                <array>
                    <string>3303</string>
                </array>
            </dict>
            <dict>
                <key>id</key>
                <string>3311</string>
                <key>children</key>
                <array>
                    <string>3312</string>
                </array>
            </dict>
            <dict>
                <key>id</key>
                <string>3320</string>
                <key>children</key>
                <array>
                    <string>3321</string>
                </array>
            </dict>
            <dict>
                <key>id</key>
                <string>3329</string>
                <key>children</key>
                <array>
                    <string>3330</string>
                </array>
            </dict>
            <dict>
                <key>id</key>
                <string>3409</string>
                <key>children</key>
                <array>
                    <string>3410</string>
                </array>
            </dict>
            <dict>
                <key>id</key>
                <string>3418</string>
                <key>children</key>
                <array>
                    <string>3419</string>
                </array>
            </dict>
        </array>
    </dict>
</plist>
